resale_value,price,weight,category,return_reason,label
193.59,353.39,6.39,Home,Other,drop_off
77.55,257.48,6.41,Electronics,Defective,drop_off
68.19,201.44,1.14,Beauty,Changed mind,keep_it
109.55,238.26,4.89,Home,Defective,drop_off
241.85,429.49,4.3,Clothing,Other,mail_back
259.9,514.17,6.33,Electronics,Defective,mail_back
251.16,370.67,9.54,Clothing,Other,mail_back
291.38,420.69,7.16,Electronics,Other,mail_back
134.37,189.53,9.18,Electronics,Other,drop_off
293.51,549.53,5.92,Clothing,Defective,mail_back
432.54,814.39,9.05,Clothing,Defective,mail_back
226.55,385.34,1.41,Clothing,Defective,mail_back
105.28,279.59,4.21,Electronics,Other,drop_off
88.32,258.65,1.67,Home,Defective,drop_off
259.61,361.27,8.34,Electronics,Other,mail_back
431.38,553.59,4.23,Electronics,Other,mail_back
386.99,586.26,1.57,Electronics,Other,mail_back
164.85,310.48,8.98,Home,Defective,drop_off
162.72,326.84,6.05,Home,Other,drop_off
137.96,252.09,1.23,Home,Defective,drop_off
48.18,129.62,2.59,Beauty,Size issue,keep_it
123.35,286.68,3.06,Electronics,Defective,drop_off
90.96,280.41,8.27,Home,Defective,drop_off
441.1,597.07,9.03,Electronics,Other,mail_back
468.83,664.23,1.99,Electronics,Defective,mail_back
176.34,355.45,1.06,Electronics,Defective,drop_off
98.87,166.85,4.04,Home,Defective,drop_off
137.44,292.9,4.27,Home,Other,drop_off
275.53,524.71,3.71,Electronics,Other,mail_back
46.57,146.84,0.35,Clothing,Changed mind,keep_it
271.87,415.34,5.41,Clothing,Other,mail_back
157.38,321.62,3.14,Home,Other,drop_off
152.2,297.23,5.82,Electronics,Other,drop_off
296.23,452.19,1.37,Clothing,Other,mail_back
204.98,458.6,3.04,Clothing,Defective,mail_back
159.82,267.83,9.43,Home,Defective,drop_off
84.75,273.46,8.9,Home,Defective,drop_off
445.17,711.73,5.77,Clothing,Defective,mail_back
63.83,203.87,3.2,Clothing,Size issue,keep_it
164.37,348.94,8.98,Electronics,Defective,drop_off
225.24,373.73,9.09,Clothing,Other,mail_back
16.09,132.44,0.12,Beauty,Changed mind,keep_it
159.95,307.74,3.02,Home,Other,drop_off
112.3,274.28,6.85,Home,Defective,drop_off
370.49,498.6,4.31,Electronics,Other,mail_back
196.49,305.46,9.03,Home,Defective,drop_off
350.79,623.86,5.43,Electronics,Other,mail_back
284.23,391.53,6.81,Electronics,Other,mail_back
486.18,860.64,4.33,Electronics,Defective,mail_back
328.46,718.45,9.67,Electronics,Other,mail_back
120.06,297.73,3.85,Electronics,Other,drop_off
191.7,346.1,6.13,Electronics,Other,drop_off
497.02,639.04,5.66,Clothing,Other,mail_back
409.1,719.85,4.24,Electronics,Other,mail_back
443.03,803.16,9.22,Clothing,Defective,mail_back
173.78,321.27,7.32,Electronics,Other,drop_off
301.4,514.07,1.85,Electronics,Defective,mail_back
37.94,142.2,1.5,Beauty,Changed mind,keep_it
12.24,144.5,1.86,Beauty,Size issue,keep_it
170.1,252.47,6.61,Electronics,Other,drop_off
41.88,145.94,3.22,Beauty,Changed mind,keep_it
354.89,551.78,8.16,Electronics,Defective,mail_back
80.2,134.0,9.66,Home,Defective,drop_off
322.69,474.67,2.41,Clothing,Other,mail_back
162.9,311.93,3.52,Electronics,Defective,drop_off
366.31,649.82,4.78,Clothing,Other,mail_back
168.52,220.68,2.04,Home,Defective,drop_off
61.33,181.69,2.42,Beauty,Changed mind,keep_it
131.55,207.53,4.9,Home,Other,drop_off
390.53,504.12,4.37,Clothing,Defective,mail_back
181.34,330.15,2.47,Electronics,Other,drop_off
207.95,483.69,9.46,Clothing,Other,mail_back
153.63,272.37,5.91,Home,Other,drop_off
194.95,380.76,2.76,Home,Other,drop_off
72.37,136.54,7.15,Home,Other,drop_off
179.83,233.32,8.33,Home,Defective,drop_off
160.58,304.92,8.9,Electronics,Defective,drop_off
284.61,437.84,7.76,Clothing,Defective,mail_back
323.79,535.39,7.99,Clothing,Defective,mail_back
457.52,686.22,7.76,Electronics,Defective,mail_back
187.33,313.12,8.44,Electronics,Defective,drop_off
316.76,420.01,9.15,Clothing,Defective,mail_back
193.51,386.1,6.16,Home,Other,drop_off
108.12,207.42,7.05,Electronics,Defective,drop_off
436.89,564.25,5.45,Electronics,Other,mail_back
127.4,310.55,4.16,Electronics,Defective,drop_off
169.0,311.73,1.91,Home,Other,drop_off
221.83,568.39,7.36,Electronics,Defective,mail_back
69.2,156.63,1.92,Beauty,Size issue,keep_it
495.8,821.81,4.39,Electronics,Defective,mail_back
367.52,594.79,9.16,Electronics,Other,mail_back
71.48,191.78,1.51,Electronics,Other,drop_off
154.4,316.3,6.25,Electronics,Defective,drop_off
107.14,287.43,3.01,Electronics,Other,drop_off
68.19,122.51,4.47,Beauty,Size issue,keep_it
222.14,488.3,9.72,Clothing,Defective,mail_back
408.72,645.09,6.65,Clothing,Defective,mail_back
213.63,397.92,9.55,Clothing,Other,mail_back
150.62,242.22,2.69,Electronics,Other,drop_off
145.88,207.54,9.77,Electronics,Defective,drop_off
360.83,553.69,8.32,Clothing,Other,mail_back
188.42,361.8,9.55,Electronics,Defective,drop_off
325.47,705.29,8.79,Electronics,Defective,mail_back
32.59,163.64,4.94,Clothing,Size issue,keep_it
119.52,315.0,8.58,Home,Defective,drop_off
123.93,214.94,1.51,Electronics,Other,drop_off
499.92,898.91,6.0,Electronics,Defective,mail_back
454.89,629.1,5.05,Clothing,Defective,mail_back
381.85,550.45,7.05,Clothing,Other,mail_back
84.76,235.5,5.68,Electronics,Defective,drop_off
180.78,313.57,6.05,Electronics,Defective,drop_off
87.42,141.74,7.8,Home,Other,drop_off
263.89,404.8,1.13,Clothing,Other,mail_back
120.99,236.61,9.14,Electronics,Defective,drop_off
171.87,281.36,6.6,Home,Defective,drop_off
244.12,622.1,5.43,Clothing,Other,mail_back
197.4,321.3,3.96,Home,Defective,drop_off
79.86,149.19,2.15,Home,Defective,drop_off
153.31,230.6,4.11,Home,Other,drop_off
156.78,232.63,2.73,Home,Defective,drop_off
106.22,182.77,1.8,Home,Defective,drop_off
96.82,201.46,5.53,Home,Defective,drop_off
57.96,170.75,0.5,Beauty,Size issue,keep_it
218.32,401.39,8.26,Electronics,Defective,mail_back
97.22,202.79,5.36,Electronics,Other,drop_off
130.13,292.25,1.33,Electronics,Defective,drop_off
468.56,722.07,5.79,Electronics,Other,mail_back
139.24,225.61,3.42,Home,Other,drop_off
29.32,100.47,1.7,Beauty,Size issue,keep_it
378.08,681.81,8.1,Electronics,Other,mail_back
42.23,150.91,3.75,Clothing,Changed mind,keep_it
106.89,211.35,6.81,Electronics,Defective,drop_off
198.25,339.11,3.14,Electronics,Defective,drop_off
101.97,176.08,2.68,Electronics,Other,drop_off
186.58,248.61,5.72,Electronics,Defective,drop_off
233.61,452.97,9.73,Clothing,Defective,mail_back
277.37,428.64,7.02,Electronics,Other,mail_back
144.31,236.31,7.93,Electronics,Other,drop_off
125.31,251.45,3.18,Home,Defective,drop_off
286.59,560.96,2.39,Clothing,Defective,mail_back
76.74,177.23,2.21,Home,Other,drop_off
296.71,639.67,3.29,Electronics,Defective,mail_back
378.69,620.16,4.71,Clothing,Defective,mail_back
449.19,838.69,2.12,Clothing,Defective,mail_back
254.37,374.32,7.67,Clothing,Other,mail_back
241.93,580.51,2.81,Clothing,Defective,mail_back
175.89,325.67,5.71,Electronics,Defective,drop_off
317.73,662.71,4.95,Clothing,Other,mail_back
109.18,271.32,5.52,Home,Defective,drop_off
315.17,578.23,9.16,Electronics,Defective,mail_back
192.18,336.33,4.01,Electronics,Other,drop_off
386.02,646.06,9.05,Clothing,Defective,mail_back
110.52,197.8,7.7,Electronics,Other,drop_off
169.12,350.63,4.08,Electronics,Defective,drop_off
180.04,249.16,4.58,Home,Other,drop_off
99.8,258.14,7.48,Home,Defective,drop_off
362.82,538.36,4.11,Electronics,Other,mail_back
375.02,595.27,5.16,Clothing,Defective,mail_back
146.21,272.09,6.5,Home,Other,drop_off
479.64,749.18,7.27,Clothing,Defective,mail_back
245.76,518.65,6.46,Clothing,Defective,mail_back
480.31,857.98,5.06,Clothing,Defective,mail_back
451.67,589.07,9.29,Electronics,Other,mail_back
146.87,256.72,1.49,Home,Other,drop_off
201.39,401.44,4.58,Electronics,Other,mail_back
303.9,507.99,7.64,Electronics,Other,mail_back
128.82,199.95,2.59,Home,Other,drop_off
188.93,293.29,6.23,Electronics,Other,drop_off
49.81,117.62,4.81,Clothing,Changed mind,keep_it
81.1,280.63,5.52,Home,Other,drop_off
55.0,125.99,4.5,Beauty,Changed mind,keep_it
74.75,195.56,6.08,Electronics,Defective,drop_off
335.99,593.3,4.97,Clothing,Other,mail_back
90.18,167.47,8.76,Home,Defective,drop_off
105.2,251.8,4.68,Home,Defective,drop_off
163.08,311.91,1.24,Home,Defective,drop_off
157.35,210.3,1.94,Home,Defective,drop_off
154.86,240.58,1.89,Electronics,Other,drop_off
456.71,805.77,4.57,Electronics,Other,mail_back
108.11,292.56,1.12,Home,Defective,drop_off
73.45,150.66,6.25,Electronics,Other,drop_off
445.23,647.78,3.33,Clothing,Defective,mail_back
104.85,248.47,4.68,Electronics,Defective,drop_off
108.28,300.55,7.87,Electronics,Defective,drop_off
346.23,714.6,8.2,Electronics,Other,mail_back
26.12,130.28,3.2,Clothing,Size issue,keep_it
178.54,376.2,5.73,Home,Other,drop_off
72.39,259.54,2.06,Electronics,Defective,drop_off
142.04,289.76,8.47,Home,Defective,drop_off
18.21,158.22,4.38,Beauty,Changed mind,keep_it
399.51,552.12,9.23,Clothing,Defective,mail_back
137.46,194.5,2.5,Home,Defective,drop_off
46.19,120.72,2.01,Beauty,Size issue,keep_it
163.48,258.04,6.1,Electronics,Defective,drop_off
481.05,800.82,2.93,Clothing,Defective,mail_back
147.36,205.07,5.47,Home,Defective,drop_off
170.22,236.21,1.68,Home,Defective,drop_off
159.49,274.72,3.22,Home,Other,drop_off
408.41,590.05,6.31,Electronics,Defective,mail_back
65.04,128.72,4.76,Clothing,Size issue,keep_it
140.45,321.39,7.59,Home,Defective,drop_off
407.68,762.44,3.25,Electronics,Other,mail_back
198.4,390.01,1.35,Electronics,Other,drop_off
254.17,524.56,9.24,Clothing,Defective,mail_back
289.2,666.52,9.74,Electronics,Defective,mail_back
182.07,358.75,3.87,Electronics,Defective,drop_off
45.78,118.78,0.69,Beauty,Size issue,keep_it
301.96,619.39,1.59,Electronics,Other,mail_back
172.79,270.61,6.63,Electronics,Defective,drop_off
269.89,377.21,8.83,Clothing,Defective,mail_back
358.68,740.4,8.19,Electronics,Other,mail_back
169.73,280.02,5.32,Home,Other,drop_off
495.23,825.71,4.76,Electronics,Other,mail_back
271.63,404.78,4.19,Clothing,Other,mail_back
100.37,156.68,1.16,Electronics,Defective,drop_off
119.96,271.91,2.96,Electronics,Defective,drop_off
226.82,452.1,8.91,Clothing,Other,mail_back
149.74,224.8,9.92,Home,Other,drop_off
394.89,677.22,5.61,Clothing,Defective,mail_back
98.66,176.63,8.02,Electronics,Defective,drop_off
68.15,206.52,4.65,Beauty,Size issue,keep_it
121.51,285.25,7.26,Electronics,Defective,drop_off
267.33,434.48,5.83,Electronics,Other,mail_back
81.89,263.51,3.39,Electronics,Defective,drop_off
486.7,845.33,8.29,Clothing,Defective,mail_back
81.31,192.58,4.35,Electronics,Defective,drop_off
348.76,473.08,2.98,Electronics,Other,mail_back
61.07,160.59,2.45,Clothing,Size issue,keep_it
304.34,607.75,6.09,Electronics,Defective,mail_back
439.23,736.76,8.66,Electronics,Other,mail_back
451.1,760.35,7.12,Electronics,Defective,mail_back
247.58,611.84,8.85,Electronics,Defective,mail_back
238.66,439.2,7.69,Electronics,Other,mail_back
449.64,701.88,1.06,Clothing,Defective,mail_back
494.36,783.9,3.34,Clothing,Other,mail_back
171.38,237.43,7.85,Electronics,Defective,drop_off
302.56,592.35,9.39,Electronics,Other,mail_back
406.37,526.72,3.71,Electronics,Other,mail_back
44.93,129.52,3.14,Clothing,Changed mind,keep_it
492.05,882.71,7.75,Electronics,Other,mail_back
207.38,314.01,3.91,Electronics,Other,mail_back
404.99,638.76,3.46,Electronics,Other,mail_back
128.68,203.22,8.15,Home,Defective,drop_off
80.71,232.78,6.89,Home,Defective,drop_off
245.32,475.02,9.49,Clothing,Defective,mail_back
319.28,501.54,9.86,Electronics,Other,mail_back
268.99,432.92,1.28,Electronics,Other,mail_back
182.37,303.35,9.71,Electronics,Defective,drop_off
432.98,764.26,8.6,Clothing,Defective,mail_back
239.37,349.13,9.29,Electronics,Other,mail_back
344.46,479.65,2.13,Clothing,Other,mail_back
96.07,219.81,1.58,Electronics,Defective,drop_off
173.68,270.24,5.1,Electronics,Defective,drop_off
33.55,131.54,3.04,Beauty,Size issue,keep_it
458.04,791.99,1.36,Clothing,Defective,mail_back
101.47,299.47,2.28,Electronics,Other,drop_off
410.74,678.63,1.09,Clothing,Defective,mail_back
81.42,184.02,1.3,Electronics,Other,drop_off
87.25,222.38,7.21,Electronics,Defective,drop_off
91.77,157.46,6.73,Home,Defective,drop_off
66.17,121.37,2.75,Beauty,Changed mind,keep_it
414.23,754.74,4.06,Electronics,Defective,mail_back
63.69,168.45,4.1,Beauty,Size issue,keep_it
357.92,677.4,1.73,Clothing,Other,mail_back
90.74,271.51,2.97,Home,Other,drop_off
93.68,262.13,6.93,Home,Other,drop_off
163.5,247.76,9.97,Home,Defective,drop_off
259.86,563.93,1.65,Electronics,Defective,mail_back
130.14,310.38,7.54,Home,Other,drop_off
114.97,220.63,9.89,Electronics,Other,drop_off
373.6,605.19,7.53,Clothing,Other,mail_back
470.21,696.73,3.49,Electronics,Other,mail_back
263.2,550.09,6.68,Electronics,Defective,mail_back
163.06,349.41,2.62,Electronics,Other,drop_off
254.29,610.61,5.43,Clothing,Other,mail_back
333.59,588.04,4.23,Clothing,Defective,mail_back
120.84,316.25,3.32,Home,Defective,drop_off
170.55,240.18,9.73,Home,Defective,drop_off
79.55,155.02,5.68,Electronics,Other,drop_off
329.27,503.88,6.55,Electronics,Defective,mail_back
91.79,147.29,7.63,Home,Other,drop_off
179.74,350.59,6.27,Home,Other,drop_off
84.55,175.01,1.51,Home,Defective,drop_off
211.8,348.44,5.07,Electronics,Defective,mail_back
135.94,192.18,2.34,Home,Other,drop_off
201.48,587.03,6.75,Electronics,Defective,mail_back
137.03,260.35,7.0,Electronics,Defective,drop_off
28.48,148.94,1.09,Clothing,Changed mind,keep_it
228.17,529.95,4.99,Electronics,Defective,mail_back
160.04,335.76,9.5,Electronics,Other,drop_off
150.32,330.66,6.14,Electronics,Defective,drop_off
406.86,709.81,2.94,Clothing,Other,mail_back
154.66,220.65,6.92,Electronics,Other,drop_off
68.63,159.32,4.37,Clothing,Size issue,keep_it
166.0,347.78,4.64,Electronics,Other,drop_off
442.35,771.04,8.18,Electronics,Defective,mail_back
236.06,499.41,1.05,Electronics,Defective,mail_back
121.5,275.82,4.5,Home,Defective,drop_off
118.52,202.61,1.66,Home,Other,drop_off
385.85,624.9,4.42,Clothing,Other,mail_back
132.29,186.14,4.07,Electronics,Defective,drop_off
145.42,275.46,6.47,Electronics,Defective,drop_off
415.44,802.09,1.16,Electronics,Defective,mail_back
48.85,188.65,1.29,Clothing,Size issue,keep_it
66.07,151.23,0.6,Clothing,Changed mind,keep_it
107.03,203.13,8.23,Home,Other,drop_off
149.34,306.77,3.45,Electronics,Other,drop_off
93.55,245.72,2.63,Home,Defective,drop_off
232.06,502.26,3.31,Clothing,Other,mail_back
174.78,307.31,1.39,Electronics,Defective,drop_off
380.48,726.24,8.96,Electronics,Other,mail_back
149.43,261.08,8.56,Electronics,Other,drop_off
100.79,267.87,3.47,Home,Other,drop_off
156.78,221.11,6.61,Home,Defective,drop_off
91.84,252.37,8.77,Home,Defective,drop_off
11.42,125.62,3.07,Beauty,Size issue,keep_it
120.82,259.99,5.47,Electronics,Other,drop_off
160.37,271.02,4.85,Home,Defective,drop_off
497.38,635.9,1.94,Clothing,Other,mail_back
105.64,167.55,1.77,Home,Other,drop_off
112.04,196.04,4.19,Electronics,Defective,drop_off
78.79,248.84,3.1,Home,Other,drop_off
395.26,655.15,3.92,Electronics,Other,mail_back
498.24,796.79,6.02,Clothing,Defective,mail_back
77.82,212.16,9.62,Home,Defective,drop_off
260.28,521.03,1.87,Electronics,Defective,mail_back
304.27,603.74,8.16,Clothing,Other,mail_back
121.91,194.77,9.93,Electronics,Other,drop_off
179.46,307.61,6.61,Electronics,Other,drop_off
238.31,586.13,8.04,Clothing,Defective,mail_back
28.19,104.5,1.86,Clothing,Changed mind,keep_it
366.14,557.8,4.57,Electronics,Other,mail_back
354.7,730.52,5.47,Clothing,Other,mail_back
262.55,641.73,2.05,Clothing,Defective,mail_back
184.14,364.35,8.25,Electronics,Defective,drop_off
80.52,190.97,2.56,Electronics,Defective,drop_off
196.83,342.98,8.4,Home,Defective,drop_off
476.83,722.95,6.46,Clothing,Other,mail_back
135.33,245.13,2.32,Home,Other,drop_off
11.55,75.07,4.82,Beauty,Changed mind,keep_it
329.75,523.29,5.56,Clothing,Defective,mail_back
153.31,235.71,6.58,Electronics,Defective,drop_off
77.98,245.09,5.14,Electronics,Other,drop_off
217.33,525.84,9.85,Electronics,Defective,mail_back
85.78,181.27,1.91,Electronics,Other,drop_off
40.57,190.24,4.09,Clothing,Changed mind,keep_it
151.11,280.16,4.83,Home,Defective,drop_off
334.94,493.32,4.31,Clothing,Other,mail_back
420.08,750.88,1.1,Clothing,Other,mail_back
72.49,161.47,7.84,Electronics,Other,drop_off
97.98,149.79,3.17,Home,Defective,drop_off
487.87,734.23,1.99,Clothing,Defective,mail_back
179.77,244.48,5.39,Electronics,Other,drop_off
165.86,287.26,4.38,Electronics,Defective,drop_off
172.05,355.86,9.6,Home,Other,drop_off
159.46,275.1,3.29,Electronics,Other,drop_off
64.11,160.25,3.22,Beauty,Changed mind,keep_it
391.0,675.18,1.6,Clothing,Defective,mail_back
165.87,292.7,7.12,Home,Other,drop_off
52.98,110.19,0.45,Beauty,Size issue,keep_it
421.25,627.23,3.67,Electronics,Other,mail_back
398.41,553.97,2.57,Electronics,Defective,mail_back
429.31,608.83,1.19,Clothing,Other,mail_back
288.63,619.4,6.62,Clothing,Defective,mail_back
85.78,228.03,7.97,Home,Defective,drop_off
75.45,270.73,8.19,Electronics,Defective,drop_off
380.56,655.29,7.73,Clothing,Other,mail_back
238.43,439.91,9.35,Electronics,Defective,mail_back
126.17,242.08,6.52,Electronics,Other,drop_off
85.8,165.42,8.98,Electronics,Defective,drop_off
176.07,355.28,8.62,Home,Defective,drop_off
168.16,287.24,8.58,Electronics,Other,drop_off
396.85,550.08,5.91,Electronics,Defective,mail_back
212.95,362.4,2.19,Electronics,Other,mail_back
264.05,515.81,8.57,Electronics,Other,mail_back
146.75,273.0,3.68,Home,Defective,drop_off
462.0,752.88,7.85,Electronics,Other,mail_back
71.21,158.21,7.54,Home,Other,drop_off
34.09,164.1,1.1,Beauty,Size issue,keep_it
384.8,541.2,4.2,Electronics,Defective,mail_back
70.68,234.83,1.32,Home,Other,drop_off
194.55,299.74,3.94,Home,Defective,drop_off
183.96,383.41,4.31,Home,Other,drop_off
465.86,743.77,4.52,Electronics,Other,mail_back
200.97,486.84,4.2,Electronics,Defective,mail_back
45.29,143.39,3.25,Beauty,Size issue,keep_it
142.99,277.09,6.43,Electronics,Other,drop_off
280.95,628.46,5.48,Clothing,Defective,mail_back
30.05,158.54,3.57,Clothing,Changed mind,keep_it
127.23,199.34,3.95,Home,Defective,drop_off
23.24,133.06,3.7,Clothing,Size issue,keep_it
392.77,619.14,6.73,Clothing,Defective,mail_back
123.29,299.26,4.45,Home,Other,drop_off
93.98,198.32,4.01,Home,Defective,drop_off
59.9,137.21,2.64,Clothing,Size issue,keep_it
277.79,506.69,8.85,Electronics,Other,mail_back
174.34,293.07,5.35,Electronics,Other,drop_off
53.68,153.32,2.24,Clothing,Changed mind,keep_it
247.67,530.74,2.22,Electronics,Other,mail_back
486.98,607.67,1.51,Clothing,Other,mail_back
102.11,288.05,3.25,Electronics,Other,drop_off
334.92,667.94,1.59,Electronics,Other,mail_back
13.76,154.4,0.78,Beauty,Changed mind,keep_it
115.15,300.13,1.2,Electronics,Defective,drop_off
368.05,749.1,1.47,Clothing,Other,mail_back
165.01,362.2,3.31,Home,Defective,drop_off
143.49,263.08,9.75,Electronics,Other,drop_off
84.83,157.52,3.03,Electronics,Defective,drop_off
368.37,625.38,2.03,Clothing,Other,mail_back
220.3,532.65,5.89,Clothing,Other,mail_back
133.01,207.88,9.51,Electronics,Defective,drop_off
338.69,562.22,6.86,Clothing,Other,mail_back
40.75,171.39,2.35,Beauty,Size issue,keep_it
260.41,438.0,2.48,Electronics,Other,mail_back
355.82,517.28,8.9,Clothing,Other,mail_back
271.64,507.01,9.86,Clothing,Defective,mail_back
13.91,110.31,4.56,Clothing,Changed mind,keep_it
83.71,232.23,8.4,Electronics,Defective,drop_off
489.34,650.47,5.71,Clothing,Other,mail_back
373.28,663.65,8.18,Electronics,Defective,mail_back
359.91,507.3,7.26,Clothing,Other,mail_back
181.43,367.35,3.49,Electronics,Other,drop_off
96.26,173.9,9.05,Electronics,Other,drop_off
127.24,269.54,1.75,Electronics,Defective,drop_off
351.56,741.7,4.76,Electronics,Defective,mail_back
390.4,540.19,8.94,Electronics,Defective,mail_back
71.64,205.6,5.75,Home,Other,drop_off
223.82,543.27,2.69,Electronics,Defective,mail_back
362.24,675.31,3.83,Electronics,Other,mail_back
337.78,545.12,5.45,Electronics,Other,mail_back
92.59,249.39,8.43,Electronics,Defective,drop_off
88.46,190.65,5.05,Electronics,Defective,drop_off
386.28,591.99,8.57,Electronics,Other,mail_back
390.24,528.12,7.09,Clothing,Defective,mail_back
220.89,373.36,8.7,Clothing,Defective,mail_back
283.78,576.65,7.25,Electronics,Defective,mail_back
97.64,152.62,3.74,Electronics,Other,drop_off
461.36,791.18,8.1,Electronics,Defective,mail_back
187.94,338.55,6.04,Home,Other,drop_off
129.85,309.53,5.92,Home,Defective,drop_off
233.22,459.98,1.38,Clothing,Other,mail_back
284.01,641.51,3.63,Electronics,Defective,mail_back
441.47,546.87,9.67,Electronics,Defective,mail_back
177.82,270.05,8.85,Electronics,Other,drop_off
362.21,491.17,3.18,Clothing,Defective,mail_back
109.16,248.92,3.68,Home,Other,drop_off
214.44,585.31,8.67,Electronics,Defective,mail_back
186.0,263.8,1.71,Home,Other,drop_off
210.4,485.24,9.96,Clothing,Defective,mail_back
78.27,252.98,6.39,Home,Defective,drop_off
64.58,181.5,4.16,Beauty,Changed mind,keep_it
137.27,251.83,3.85,Electronics,Other,drop_off
380.58,748.33,4.99,Clothing,Defective,mail_back
377.51,688.3,3.14,Electronics,Other,mail_back
119.99,243.14,6.87,Electronics,Other,drop_off
423.08,674.96,6.71,Clothing,Other,mail_back
117.04,237.91,1.41,Electronics,Defective,drop_off
196.3,296.0,5.34,Electronics,Other,drop_off
284.2,446.3,5.65,Clothing,Defective,mail_back
23.14,76.82,0.63,Beauty,Size issue,keep_it
371.61,625.41,3.64,Clothing,Defective,mail_back
81.32,223.88,2.02,Home,Defective,drop_off
183.65,307.68,7.32,Home,Defective,drop_off
105.72,214.9,4.8,Electronics,Other,drop_off
414.21,696.58,3.78,Electronics,Other,mail_back
446.36,546.83,6.73,Electronics,Other,mail_back
77.74,218.31,7.18,Electronics,Other,drop_off
129.31,234.67,2.09,Electronics,Other,drop_off
221.3,345.36,4.19,Electronics,Other,mail_back
403.6,612.18,6.34,Clothing,Other,mail_back
473.99,757.76,8.86,Clothing,Other,mail_back
187.32,247.29,5.81,Electronics,Other,drop_off
35.32,114.83,2.48,Clothing,Size issue,keep_it
17.38,123.24,1.78,Clothing,Changed mind,keep_it
453.68,761.43,4.87,Electronics,Defective,mail_back
109.82,278.17,5.02,Electronics,Other,drop_off
457.27,832.26,4.88,Clothing,Defective,mail_back
118.25,258.41,7.35,Home,Other,drop_off
91.69,206.27,2.28,Electronics,Defective,drop_off
90.08,143.9,6.81,Electronics,Defective,drop_off
79.32,190.77,3.8,Electronics,Other,drop_off
309.38,474.75,9.89,Electronics,Defective,mail_back
242.17,487.84,1.25,Electronics,Defective,mail_back
315.26,426.96,1.28,Clothing,Defective,mail_back
73.04,236.47,5.13,Electronics,Other,drop_off
234.84,621.62,3.83,Electronics,Other,mail_back
448.01,843.22,3.6,Electronics,Other,mail_back
120.12,221.17,5.87,Home,Defective,drop_off
140.42,304.71,8.5,Home,Defective,drop_off
103.71,182.91,1.52,Electronics,Defective,drop_off
195.63,329.29,4.13,Electronics,Defective,drop_off
127.73,271.66,5.4,Home,Defective,drop_off
464.09,751.12,6.12,Clothing,Defective,mail_back
121.37,177.29,5.28,Electronics,Other,drop_off
195.32,381.74,7.5,Home,Defective,drop_off
239.2,576.35,2.12,Electronics,Other,mail_back
184.02,375.63,2.34,Home,Other,drop_off
345.02,704.09,6.3,Clothing,Other,mail_back
96.42,260.69,4.48,Home,Other,drop_off
145.05,324.88,9.83,Electronics,Other,drop_off
429.36,701.42,9.6,Clothing,Defective,mail_back
181.02,296.89,8.62,Electronics,Other,drop_off
63.01,157.84,2.6,Beauty,Size issue,keep_it
205.73,448.79,7.19,Electronics,Defective,mail_back
240.33,430.15,4.23,Clothing,Defective,mail_back
97.39,291.01,1.08,Home,Other,drop_off
448.54,636.93,1.13,Electronics,Other,mail_back
422.14,565.0,7.78,Electronics,Other,mail_back
429.83,783.61,6.52,Clothing,Defective,mail_back
80.09,191.23,4.66,Electronics,Defective,drop_off
84.43,255.67,9.53,Electronics,Defective,drop_off
356.77,546.64,1.69,Electronics,Other,mail_back
412.13,527.19,1.66,Electronics,Other,mail_back
100.21,192.36,8.23,Electronics,Other,drop_off
187.79,286.02,5.29,Home,Defective,drop_off
493.69,774.74,4.22,Electronics,Defective,mail_back
185.53,310.99,5.04,Electronics,Other,drop_off
221.53,526.32,3.18,Clothing,Other,mail_back
441.19,706.94,5.68,Electronics,Defective,mail_back
281.42,530.43,3.56,Clothing,Other,mail_back
216.3,540.89,3.86,Electronics,Defective,mail_back
76.09,167.52,7.36,Home,Other,drop_off
201.15,375.19,7.67,Electronics,Other,mail_back
116.83,207.39,8.58,Electronics,Other,drop_off
467.56,697.71,9.19,Clothing,Other,mail_back
226.79,532.89,5.44,Electronics,Other,mail_back
411.16,512.47,2.5,Electronics,Defective,mail_back
489.81,818.13,9.56,Electronics,Defective,mail_back
83.7,250.97,6.8,Electronics,Defective,drop_off
194.38,319.44,4.89,Home,Other,drop_off
117.93,223.4,1.47,Home,Defective,drop_off
176.88,354.44,2.91,Home,Other,drop_off
184.42,266.78,7.1,Home,Defective,drop_off
87.76,235.5,7.65,Electronics,Other,drop_off
318.54,632.5,2.79,Clothing,Defective,mail_back
117.81,176.53,2.0,Electronics,Defective,drop_off
178.61,230.82,4.41,Electronics,Other,drop_off
17.46,108.83,2.52,Clothing,Changed mind,keep_it
147.37,198.86,5.18,Electronics,Other,drop_off
158.08,254.86,7.97,Home,Defective,drop_off
196.88,265.71,1.15,Home,Defective,drop_off
236.06,415.74,1.16,Electronics,Defective,mail_back
355.39,559.82,4.35,Clothing,Other,mail_back
154.04,350.17,8.62,Home,Other,drop_off
434.96,769.07,5.12,Clothing,Defective,mail_back
78.54,162.78,3.22,Electronics,Defective,drop_off
342.14,459.5,9.62,Electronics,Defective,mail_back
497.4,760.74,9.66,Clothing,Other,mail_back
99.3,178.67,2.27,Electronics,Defective,drop_off
373.49,517.58,8.3,Clothing,Other,mail_back
157.64,246.62,4.11,Electronics,Other,drop_off
131.1,314.62,7.37,Electronics,Other,drop_off
71.02,215.66,5.03,Electronics,Defective,drop_off
358.9,531.47,5.51,Electronics,Other,mail_back
26.48,157.18,2.35,Beauty,Changed mind,keep_it
75.71,150.57,5.01,Electronics,Defective,drop_off
60.62,208.74,3.99,Clothing,Size issue,keep_it
194.88,274.42,9.56,Electronics,Other,drop_off
494.34,765.21,3.34,Electronics,Other,mail_back
79.5,222.85,9.83,Electronics,Other,drop_off
472.37,855.48,9.64,Electronics,Other,mail_back
427.19,575.69,5.29,Clothing,Other,mail_back
153.28,303.27,2.46,Electronics,Other,drop_off
349.67,453.3,1.08,Electronics,Other,mail_back
268.6,558.91,3.0,Clothing,Other,mail_back
418.66,547.28,4.86,Electronics,Defective,mail_back
156.12,223.89,3.6,Electronics,Defective,drop_off
497.98,611.45,7.85,Electronics,Defective,mail_back
168.05,355.82,9.56,Home,Other,drop_off
172.38,260.03,6.08,Home,Other,drop_off
272.12,429.6,9.26,Clothing,Defective,mail_back
98.71,154.55,1.32,Home,Other,drop_off
284.74,669.88,6.23,Electronics,Other,mail_back
137.17,300.99,3.54,Electronics,Defective,drop_off
483.94,851.7,4.78,Clothing,Defective,mail_back
134.68,215.38,6.32,Home,Other,drop_off
181.15,262.22,1.64,Electronics,Other,drop_off
352.08,574.9,8.3,Clothing,Defective,mail_back
160.17,325.84,6.89,Home,Other,drop_off
361.73,546.47,4.83,Electronics,Defective,mail_back
169.52,219.52,4.75,Electronics,Other,drop_off
68.38,141.0,1.59,Clothing,Changed mind,keep_it
70.19,229.59,9.7,Electronics,Defective,drop_off
422.57,777.1,4.8,Clothing,Other,mail_back
162.64,335.16,2.63,Electronics,Other,drop_off
442.01,837.47,7.79,Electronics,Other,mail_back
155.93,217.7,5.9,Electronics,Other,drop_off
171.48,309.05,9.57,Electronics,Other,drop_off
148.2,242.69,7.43,Home,Defective,drop_off
136.8,263.13,4.32,Home,Defective,drop_off
409.16,723.46,5.16,Electronics,Defective,mail_back
418.69,777.2,3.47,Electronics,Defective,mail_back
114.89,215.24,9.81,Home,Defective,drop_off
418.12,686.74,9.52,Electronics,Defective,mail_back
91.19,259.13,7.61,Electronics,Defective,drop_off
60.34,111.48,3.55,Beauty,Changed mind,keep_it
100.55,256.28,8.35,Home,Defective,drop_off
215.5,466.94,7.47,Clothing,Other,mail_back
174.0,306.91,4.57,Home,Defective,drop_off
247.18,440.12,3.61,Clothing,Other,mail_back
439.0,614.14,6.62,Electronics,Other,mail_back
471.83,575.47,7.07,Clothing,Defective,mail_back
107.39,203.41,4.18,Home,Other,drop_off
165.25,275.93,1.62,Home,Defective,drop_off
126.26,279.08,3.99,Electronics,Other,drop_off
192.78,339.04,7.04,Home,Defective,drop_off
124.38,287.02,1.91,Home,Other,drop_off
126.16,323.22,1.61,Home,Other,drop_off
196.19,263.18,4.63,Home,Other,drop_off
326.82,530.78,4.58,Electronics,Defective,mail_back
132.8,223.08,3.59,Electronics,Other,drop_off
381.09,504.19,1.68,Clothing,Other,mail_back
81.97,221.83,6.61,Home,Other,drop_off
71.96,266.72,3.26,Electronics,Defective,drop_off
383.0,576.87,3.44,Clothing,Other,mail_back
484.02,615.79,2.39,Electronics,Defective,mail_back
464.9,625.69,6.29,Clothing,Other,mail_back
322.45,427.06,6.25,Electronics,Defective,mail_back
194.49,304.34,8.56,Electronics,Other,drop_off
493.1,623.67,1.07,Clothing,Other,mail_back
54.9,196.36,2.23,Clothing,Changed mind,keep_it
164.05,215.41,6.31,Home,Defective,drop_off
272.61,586.82,1.82,Electronics,Defective,mail_back
421.62,525.74,3.24,Electronics,Other,mail_back
102.18,161.56,5.13,Home,Other,drop_off
401.86,526.21,9.56,Clothing,Other,mail_back
446.9,826.71,5.9,Clothing,Defective,mail_back
422.86,744.24,5.69,Electronics,Other,mail_back
189.7,327.37,5.84,Home,Other,drop_off
186.39,336.36,8.09,Home,Other,drop_off
274.52,586.15,4.85,Clothing,Other,mail_back
480.88,600.09,8.42,Clothing,Other,mail_back
72.85,168.01,5.52,Home,Defective,drop_off
190.52,256.33,7.88,Electronics,Other,drop_off
278.07,425.92,2.44,Electronics,Defective,mail_back
156.35,338.6,8.33,Electronics,Defective,drop_off
107.59,204.07,3.25,Electronics,Other,drop_off
116.4,219.46,8.46,Home,Defective,drop_off
188.79,381.71,3.94,Electronics,Defective,drop_off
192.35,373.79,1.92,Home,Other,drop_off
135.41,214.49,8.73,Electronics,Defective,drop_off
457.63,782.14,4.95,Clothing,Defective,mail_back
157.57,234.46,7.25,Home,Other,drop_off
91.49,141.79,7.47,Electronics,Other,drop_off
90.98,153.51,1.17,Home,Other,drop_off
272.46,478.74,1.95,Clothing,Other,mail_back
149.01,235.81,1.52,Electronics,Defective,drop_off
98.54,292.52,6.55,Home,Defective,drop_off
125.76,256.9,7.27,Home,Other,drop_off
135.01,246.81,8.83,Electronics,Defective,drop_off
85.0,225.85,2.05,Home,Defective,drop_off
159.97,240.91,4.53,Home,Defective,drop_off
136.01,248.91,1.16,Home,Defective,drop_off
38.46,144.52,3.18,Beauty,Changed mind,keep_it
71.3,229.81,5.82,Home,Defective,drop_off
453.0,698.53,4.0,Electronics,Defective,mail_back
93.85,272.09,8.94,Home,Defective,drop_off
33.27,163.62,4.52,Beauty,Changed mind,keep_it
62.64,151.58,2.75,Beauty,Size issue,keep_it
48.9,106.31,1.94,Clothing,Changed mind,keep_it
199.63,333.49,3.89,Home,Defective,drop_off
118.43,178.74,4.33,Home,Other,drop_off
397.02,709.65,1.08,Electronics,Other,mail_back
345.2,446.79,8.24,Electronics,Other,mail_back
78.64,243.62,6.25,Home,Other,drop_off
440.9,696.3,2.26,Electronics,Defective,mail_back
422.68,573.64,2.75,Clothing,Other,mail_back
472.47,800.08,6.37,Clothing,Other,mail_back
373.64,663.36,2.41,Clothing,Defective,mail_back
281.28,441.96,3.82,Clothing,Defective,mail_back
125.23,311.41,5.56,Home,Other,drop_off
51.77,140.05,4.13,Beauty,Changed mind,keep_it
281.58,589.29,3.38,Clothing,Defective,mail_back
297.35,478.21,2.72,Clothing,Other,mail_back
147.39,237.08,6.96,Home,Defective,drop_off
428.26,584.57,1.8,Electronics,Other,mail_back
126.21,180.88,3.34,Electronics,Defective,drop_off
273.02,540.22,1.35,Clothing,Other,mail_back
186.73,369.95,3.93,Home,Defective,drop_off
447.62,801.09,3.24,Clothing,Defective,mail_back
15.7,165.58,1.7,Clothing,Size issue,keep_it
457.41,856.7,3.17,Electronics,Other,mail_back
86.91,140.27,4.24,Home,Other,drop_off
110.66,258.81,3.09,Electronics,Defective,drop_off
387.12,715.81,1.35,Electronics,Other,mail_back
369.02,656.4,8.78,Clothing,Defective,mail_back
198.79,362.3,4.98,Electronics,Defective,drop_off
99.75,239.28,9.35,Electronics,Other,drop_off
138.6,220.34,9.96,Electronics,Other,drop_off
441.32,755.85,6.34,Electronics,Other,mail_back
157.72,309.35,4.36,Home,Defective,drop_off
135.05,288.68,7.27,Home,Other,drop_off
90.31,235.7,6.39,Home,Other,drop_off
336.55,636.88,8.54,Clothing,Other,mail_back
56.75,167.72,3.53,Beauty,Changed mind,keep_it
488.28,749.06,5.4,Clothing,Defective,mail_back
144.44,235.99,9.29,Electronics,Defective,drop_off
116.14,173.94,1.29,Electronics,Other,drop_off
46.41,184.51,4.43,Beauty,Size issue,keep_it
182.19,365.1,2.77,Home,Defective,drop_off
174.34,373.93,1.27,Electronics,Defective,drop_off
492.01,731.52,8.63,Clothing,Other,mail_back
78.71,275.01,8.35,Electronics,Other,drop_off
225.53,441.21,1.64,Clothing,Other,mail_back
130.98,221.27,1.91,Electronics,Defective,drop_off
196.5,360.39,9.71,Electronics,Other,drop_off
173.78,272.72,3.69,Electronics,Other,drop_off
103.34,206.64,7.07,Electronics,Other,drop_off
175.17,247.21,4.08,Home,Other,drop_off
80.76,203.44,3.72,Electronics,Other,drop_off
241.14,515.35,5.55,Clothing,Other,mail_back
282.09,528.44,1.74,Electronics,Defective,mail_back
176.91,235.46,4.77,Home,Other,drop_off
372.29,672.45,7.99,Electronics,Other,mail_back
139.94,315.96,9.91,Home,Other,drop_off
95.37,218.78,7.67,Home,Other,drop_off
178.97,283.18,8.74,Electronics,Other,drop_off
129.02,293.39,2.13,Home,Defective,drop_off
252.65,522.97,6.21,Clothing,Other,mail_back
268.95,534.75,4.35,Clothing,Defective,mail_back
144.21,222.0,3.51,Electronics,Defective,drop_off
177.34,270.2,9.34,Electronics,Defective,drop_off
88.59,194.77,8.18,Home,Other,drop_off
43.41,177.92,4.0,Beauty,Changed mind,keep_it
266.15,431.61,8.87,Electronics,Defective,mail_back
70.08,250.69,8.13,Electronics,Other,drop_off
245.61,483.11,4.16,Electronics,Other,mail_back
189.7,245.71,3.62,Electronics,Defective,drop_off
188.1,308.31,5.2,Home,Defective,drop_off
133.34,247.84,6.37,Home,Defective,drop_off
319.36,667.63,2.54,Electronics,Other,mail_back
114.25,240.84,6.54,Home,Other,drop_off
135.17,192.7,1.31,Home,Defective,drop_off
179.09,253.2,1.22,Electronics,Other,drop_off
76.45,235.14,2.0,Home,Other,drop_off
92.55,199.52,8.21,Electronics,Defective,drop_off
237.65,569.48,3.13,Electronics,Defective,mail_back
190.79,298.89,1.6,Home,Defective,drop_off
357.42,689.99,3.11,Electronics,Other,mail_back
67.69,184.48,4.67,Beauty,Size issue,keep_it
403.55,598.81,8.63,Electronics,Defective,mail_back
421.72,604.96,3.53,Clothing,Defective,mail_back
52.96,173.59,3.15,Beauty,Size issue,keep_it
114.2,176.04,4.99,Home,Other,drop_off
178.49,368.82,2.67,Electronics,Other,drop_off
218.54,346.25,2.47,Clothing,Defective,mail_back
195.85,312.86,5.51,Electronics,Other,drop_off
156.05,318.73,7.78,Electronics,Defective,drop_off
445.22,772.34,1.5,Electronics,Defective,mail_back
156.26,267.94,4.62,Home,Other,drop_off
472.75,666.92,7.22,Electronics,Other,mail_back
94.0,195.32,4.87,Home,Other,drop_off
165.54,295.26,3.59,Home,Other,drop_off
147.49,262.57,2.48,Home,Other,drop_off
187.31,288.91,7.6,Electronics,Defective,drop_off
446.29,716.28,6.91,Electronics,Other,mail_back
112.48,164.1,8.44,Home,Other,drop_off
144.99,264.59,2.07,Home,Other,drop_off
78.74,217.97,7.65,Electronics,Defective,drop_off
359.69,490.67,2.55,Electronics,Other,mail_back
191.98,364.79,9.85,Home,Defective,drop_off
329.37,533.63,1.45,Clothing,Defective,mail_back
337.38,505.34,6.53,Electronics,Defective,mail_back
116.7,290.23,8.39,Electronics,Defective,drop_off
117.13,287.99,3.95,Electronics,Defective,drop_off
38.0,136.21,4.22,Beauty,Changed mind,keep_it
175.09,348.64,4.46,Home,Defective,drop_off
191.23,259.03,9.4,Home,Defective,drop_off
74.25,195.59,4.67,Electronics,Defective,drop_off
491.35,760.0,7.43,Electronics,Defective,mail_back
85.13,227.05,9.45,Electronics,Defective,drop_off
31.28,136.35,2.08,Beauty,Changed mind,keep_it
383.55,595.59,3.3,Electronics,Defective,mail_back
123.71,275.09,6.92,Electronics,Defective,drop_off
93.63,167.15,8.45,Electronics,Other,drop_off
91.87,273.77,6.01,Electronics,Other,drop_off
165.09,358.81,2.98,Electronics,Defective,drop_off
474.93,765.55,6.67,Electronics,Other,mail_back
359.39,662.62,4.86,Clothing,Other,mail_back
243.93,593.81,5.86,Clothing,Defective,mail_back
119.28,306.53,3.26,Electronics,Defective,drop_off
136.83,233.1,6.16,Electronics,Other,drop_off
26.32,76.96,4.89,Beauty,Size issue,keep_it
164.69,266.56,7.04,Electronics,Defective,drop_off
320.06,655.05,3.39,Electronics,Other,mail_back
46.21,162.16,3.47,Clothing,Size issue,keep_it
254.35,541.18,3.0,Electronics,Other,mail_back
124.24,198.27,2.54,Electronics,Defective,drop_off
469.39,594.63,4.54,Electronics,Defective,mail_back
49.7,159.95,0.9,Clothing,Size issue,keep_it
60.1,207.57,0.76,Beauty,Changed mind,keep_it
477.94,703.83,1.46,Electronics,Other,mail_back
121.08,175.37,6.25,Electronics,Defective,drop_off
291.93,404.01,6.3,Electronics,Other,mail_back
363.26,545.83,7.38,Electronics,Other,mail_back
312.42,577.38,1.46,Clothing,Defective,mail_back
441.69,608.99,3.03,Electronics,Other,mail_back
228.61,463.63,4.04,Clothing,Defective,mail_back
22.67,147.91,0.35,Beauty,Size issue,keep_it
113.47,222.66,5.77,Home,Defective,drop_off
174.71,338.73,2.39,Electronics,Defective,drop_off
116.94,228.21,7.12,Home,Other,drop_off
33.51,153.23,1.05,Beauty,Changed mind,keep_it
185.19,369.54,3.68,Home,Defective,drop_off
101.27,252.13,8.43,Home,Other,drop_off
319.1,465.99,7.64,Electronics,Other,mail_back
281.19,405.56,9.93,Clothing,Defective,mail_back
493.18,831.33,6.93,Electronics,Defective,mail_back
286.83,527.14,6.57,Clothing,Other,mail_back
112.94,247.57,8.66,Electronics,Defective,drop_off
406.73,753.71,6.01,Clothing,Defective,mail_back
59.1,113.12,4.46,Beauty,Changed mind,keep_it
97.34,262.15,3.28,Electronics,Other,drop_off
86.37,283.25,7.06,Home,Defective,drop_off
157.94,297.08,6.43,Electronics,Other,drop_off
125.78,217.17,7.92,Home,Other,drop_off
270.0,557.6,7.72,Clothing,Defective,mail_back
17.86,128.46,4.26,Clothing,Size issue,keep_it
302.4,545.95,9.36,Clothing,Defective,mail_back
71.78,134.02,3.33,Electronics,Defective,drop_off
327.92,592.36,2.57,Electronics,Other,mail_back
489.59,604.72,9.01,Clothing,Other,mail_back
135.04,195.45,1.81,Electronics,Other,drop_off
189.24,300.23,2.29,Electronics,Defective,drop_off
138.31,292.99,9.1,Home,Other,drop_off
403.89,787.67,3.66,Clothing,Defective,mail_back
98.33,247.6,6.7,Electronics,Defective,drop_off
53.73,136.08,3.36,Beauty,Size issue,keep_it
87.49,151.66,8.48,Home,Other,drop_off
231.03,451.64,7.56,Electronics,Other,mail_back
70.0,226.82,4.21,Home,Other,drop_off
42.42,177.53,4.79,Clothing,Size issue,keep_it
81.06,213.39,4.42,Home,Defective,drop_off
101.24,165.48,3.83,Home,Other,drop_off
198.35,314.97,5.79,Electronics,Other,drop_off
374.81,718.56,3.94,Electronics,Defective,mail_back
157.43,309.75,3.84,Home,Defective,drop_off
238.5,512.05,7.24,Electronics,Other,mail_back
461.86,711.85,7.57,Electronics,Defective,mail_back
73.34,166.02,4.99,Home,Defective,drop_off
258.87,396.54,9.67,Clothing,Defective,mail_back
146.12,277.33,1.77,Home,Other,drop_off
146.13,277.78,3.1,Electronics,Other,drop_off
212.47,461.91,7.2,Clothing,Other,mail_back
149.77,334.46,8.29,Home,Other,drop_off
309.45,601.74,5.2,Electronics,Other,mail_back
366.94,574.53,9.2,Clothing,Defective,mail_back
77.39,242.37,7.32,Home,Other,drop_off
318.78,645.66,5.09,Electronics,Other,mail_back
275.26,411.4,6.26,Electronics,Defective,mail_back
78.06,178.96,5.55,Electronics,Defective,drop_off
499.32,734.85,4.19,Electronics,Defective,mail_back
184.83,297.05,4.49,Home,Defective,drop_off
154.27,213.49,8.32,Electronics,Defective,drop_off
486.37,631.8,5.3,Electronics,Other,mail_back
122.19,222.9,2.14,Home,Other,drop_off
165.47,246.79,1.53,Home,Defective,drop_off
183.35,319.9,4.11,Home,Other,drop_off
80.31,215.18,9.17,Electronics,Other,drop_off
88.65,161.37,4.89,Electronics,Defective,drop_off
66.37,191.89,2.97,Beauty,Changed mind,keep_it
38.61,151.62,4.16,Beauty,Changed mind,keep_it
192.31,260.97,8.88,Home,Other,drop_off
163.87,219.91,4.65,Home,Other,drop_off
191.67,342.51,5.33,Home,Other,drop_off
206.62,601.38,1.78,Electronics,Defective,mail_back
87.18,203.16,6.8,Home,Other,drop_off
45.97,186.21,1.98,Clothing,Changed mind,keep_it
76.29,249.36,8.44,Electronics,Other,drop_off
173.97,307.17,8.43,Electronics,Other,drop_off
379.57,603.81,9.62,Clothing,Defective,mail_back
266.15,553.84,6.14,Electronics,Other,mail_back
46.26,172.63,2.66,Beauty,Size issue,keep_it
224.03,456.58,2.47,Electronics,Other,mail_back
120.27,177.94,4.58,Home,Defective,drop_off
119.76,295.63,2.31,Electronics,Defective,drop_off
14.27,121.66,2.87,Beauty,Size issue,keep_it
194.77,252.08,1.88,Electronics,Other,drop_off
140.37,287.2,1.41,Home,Other,drop_off
288.98,412.14,2.53,Electronics,Other,mail_back
137.41,224.29,4.22,Home,Other,drop_off
484.69,627.46,4.44,Clothing,Other,mail_back
10.25,127.29,3.24,Clothing,Changed mind,keep_it
124.01,177.61,4.02,Electronics,Defective,drop_off
67.4,177.34,3.67,Beauty,Size issue,keep_it
100.8,165.34,2.61,Home,Other,drop_off
364.08,606.61,9.3,Electronics,Defective,mail_back
115.49,282.86,9.93,Home,Other,drop_off
449.19,616.58,4.59,Electronics,Defective,mail_back
254.27,594.01,4.01,Electronics,Other,mail_back
145.19,320.08,8.24,Home,Other,drop_off
51.52,115.52,2.14,Beauty,Changed mind,keep_it
137.55,337.03,2.22,Electronics,Defective,drop_off
87.29,161.1,9.54,Home,Other,drop_off
497.46,659.95,4.2,Clothing,Defective,mail_back
124.39,228.06,6.34,Home,Defective,drop_off
131.33,264.35,6.13,Electronics,Other,drop_off
207.56,414.01,8.02,Clothing,Defective,mail_back
160.34,295.45,8.17,Electronics,Other,drop_off
346.45,486.41,3.35,Electronics,Other,mail_back
136.78,230.01,1.06,Electronics,Defective,drop_off
165.5,219.09,6.26,Electronics,Defective,drop_off
131.31,195.03,6.63,Home,Other,drop_off
137.78,322.27,2.77,Home,Defective,drop_off
373.14,740.33,6.37,Electronics,Defective,mail_back
167.48,354.44,6.15,Home,Defective,drop_off
95.82,182.85,3.76,Home,Defective,drop_off
125.44,267.76,1.73,Home,Defective,drop_off
137.35,219.45,3.55,Electronics,Defective,drop_off
204.16,498.97,7.02,Electronics,Other,mail_back
206.04,352.18,8.98,Electronics,Defective,mail_back
156.19,308.05,9.39,Electronics,Defective,drop_off
286.17,650.09,1.44,Clothing,Other,mail_back
276.86,443.05,2.24,Electronics,Other,mail_back
157.74,243.6,7.82,Electronics,Defective,drop_off
123.39,204.84,9.79,Home,Defective,drop_off
291.02,625.58,7.89,Electronics,Defective,mail_back
318.07,457.28,7.05,Electronics,Other,mail_back
96.89,222.55,3.81,Electronics,Defective,drop_off
423.56,593.23,4.65,Electronics,Other,mail_back
171.84,358.23,4.33,Home,Other,drop_off
453.84,608.68,9.61,Electronics,Other,mail_back
78.12,201.04,1.98,Electronics,Other,drop_off
175.15,356.47,3.72,Home,Defective,drop_off
429.4,573.4,7.21,Electronics,Other,mail_back
299.49,549.66,6.81,Clothing,Defective,mail_back
110.57,280.93,8.75,Electronics,Defective,drop_off
298.65,597.34,7.77,Clothing,Defective,mail_back
293.88,651.43,2.19,Electronics,Defective,mail_back
403.32,579.01,8.86,Clothing,Defective,mail_back
53.05,150.6,4.26,Beauty,Size issue,keep_it
178.74,311.07,2.7,Electronics,Defective,drop_off
148.56,267.7,8.46,Electronics,Defective,drop_off
231.62,583.28,7.04,Electronics,Defective,mail_back
184.31,343.11,2.01,Electronics,Other,drop_off
214.16,602.58,7.11,Clothing,Defective,mail_back
102.34,293.65,3.68,Electronics,Other,drop_off
88.1,139.71,5.9,Home,Other,drop_off
116.44,218.05,5.68,Electronics,Defective,drop_off
351.66,603.98,2.25,Clothing,Defective,mail_back
79.54,229.01,6.36,Home,Other,drop_off
172.06,251.42,8.38,Electronics,Other,drop_off
129.54,218.04,7.77,Home,Defective,drop_off
147.49,346.85,4.92,Electronics,Other,drop_off
77.12,157.75,4.77,Home,Other,drop_off
64.9,199.29,3.74,Clothing,Size issue,keep_it
78.79,237.39,9.36,Home,Defective,drop_off
136.61,238.94,4.37,Electronics,Defective,drop_off
233.18,343.86,9.95,Clothing,Other,mail_back
21.39,75.29,2.02,Beauty,Changed mind,keep_it
127.74,279.08,5.58,Home,Other,drop_off
202.97,536.39,5.15,Electronics,Defective,mail_back
198.3,361.48,3.24,Home,Other,drop_off
457.26,586.47,7.36,Clothing,Defective,mail_back
34.21,107.68,4.11,Beauty,Changed mind,keep_it
200.18,392.53,3.17,Clothing,Other,mail_back
21.23,126.78,1.53,Clothing,Changed mind,keep_it
183.87,369.66,5.44,Home,Other,drop_off
193.94,252.98,3.68,Home,Other,drop_off
91.36,258.83,2.1,Electronics,Defective,drop_off
79.17,265.58,2.71,Electronics,Defective,drop_off
80.12,273.44,3.22,Home,Other,drop_off
181.01,233.0,5.61,Home,Other,drop_off
472.76,818.65,8.99,Clothing,Defective,mail_back
107.57,214.12,4.54,Electronics,Other,drop_off
159.86,235.0,3.79,Home,Other,drop_off
421.84,715.5,2.4,Electronics,Other,mail_back
32.64,123.99,0.3,Beauty,Size issue,keep_it
486.09,691.79,1.39,Electronics,Defective,mail_back
193.21,264.39,7.87,Home,Other,drop_off
314.48,647.06,4.08,Electronics,Defective,mail_back
88.98,279.69,9.26,Home,Other,drop_off
442.48,563.19,4.01,Clothing,Other,mail_back
306.79,451.34,6.37,Clothing,Defective,mail_back
87.19,166.7,3.14,Electronics,Defective,drop_off
380.28,689.11,4.26,Electronics,Other,mail_back
130.98,301.12,2.62,Electronics,Other,drop_off
302.88,608.04,1.23,Electronics,Other,mail_back
77.25,218.72,3.17,Electronics,Defective,drop_off
18.83,98.63,0.54,Clothing,Size issue,keep_it
39.03,101.36,1.61,Clothing,Size issue,keep_it
195.56,276.43,7.67,Home,Other,drop_off
366.2,626.57,2.76,Clothing,Other,mail_back
298.35,509.98,7.84,Electronics,Other,mail_back
421.38,700.61,8.93,Electronics,Defective,mail_back
130.45,214.5,7.7,Electronics,Other,drop_off
114.48,308.71,5.0,Home,Defective,drop_off
188.24,323.58,7.86,Home,Other,drop_off
126.38,303.65,4.27,Electronics,Other,drop_off
386.96,709.45,8.25,Electronics,Other,mail_back
76.66,186.95,7.06,Electronics,Other,drop_off
307.09,597.52,2.68,Electronics,Other,mail_back
96.53,190.32,7.74,Home,Other,drop_off
195.75,353.01,9.61,Electronics,Other,drop_off
186.73,315.49,7.37,Electronics,Other,drop_off
86.05,166.95,1.01,Electronics,Other,drop_off
272.71,571.7,8.55,Clothing,Other,mail_back
164.66,304.69,7.58,Electronics,Other,drop_off
372.07,574.56,6.84,Clothing,Defective,mail_back
235.81,434.17,8.34,Clothing,Defective,mail_back
131.55,309.73,4.06,Home,Defective,drop_off
56.61,191.36,0.99,Beauty,Size issue,keep_it
161.86,292.16,6.72,Home,Other,drop_off
75.39,173.7,6.04,Electronics,Other,drop_off
330.62,716.55,7.47,Clothing,Other,mail_back
103.66,161.58,7.53,Home,Defective,drop_off
139.22,273.88,6.41,Home,Other,drop_off
150.24,345.71,7.55,Electronics,Other,drop_off
377.52,535.12,7.0,Electronics,Defective,mail_back
346.94,605.53,4.01,Electronics,Other,mail_back
174.67,252.54,1.76,Electronics,Defective,drop_off
331.32,514.34,6.02,Clothing,Other,mail_back
476.79,727.51,3.95,Clothing,Other,mail_back
38.49,122.12,4.61,Beauty,Changed mind,keep_it
166.29,289.04,1.77,Electronics,Defective,drop_off
149.84,235.34,5.35,Home,Other,drop_off
16.37,150.12,1.28,Clothing,Changed mind,keep_it
169.94,229.23,6.19,Home,Defective,drop_off
13.16,146.58,0.68,Beauty,Size issue,keep_it
179.72,269.08,4.8,Electronics,Other,drop_off
145.09,280.73,3.99,Electronics,Other,drop_off
117.68,182.61,7.9,Home,Other,drop_off
459.52,739.76,7.31,Clothing,Other,mail_back
336.69,581.3,7.82,Clothing,Other,mail_back
190.2,248.64,5.37,Home,Other,drop_off
363.92,538.85,4.09,Clothing,Other,mail_back
136.92,201.85,1.14,Electronics,Other,drop_off
148.42,210.37,7.15,Electronics,Other,drop_off
86.39,223.65,7.9,Electronics,Defective,drop_off
394.6,764.38,6.61,Electronics,Other,mail_back
96.23,282.56,7.84,Electronics,Defective,drop_off
93.93,257.39,5.27,Home,Other,drop_off
212.1,409.95,5.22,Electronics,Defective,mail_back
262.73,401.84,2.83,Electronics,Defective,mail_back
143.5,196.66,1.31,Electronics,Other,drop_off
465.57,591.58,5.85,Clothing,Other,mail_back
177.84,247.9,9.42,Home,Defective,drop_off
402.99,612.01,9.44,Clothing,Defective,mail_back
161.11,325.9,9.36,Electronics,Defective,drop_off
421.56,540.7,4.49,Electronics,Other,mail_back
197.78,344.2,7.46,Home,Defective,drop_off
174.24,289.42,8.83,Electronics,Defective,drop_off
265.63,463.5,7.81,Clothing,Defective,mail_back
333.37,656.08,3.05,Clothing,Other,mail_back
131.66,206.86,4.19,Electronics,Defective,drop_off
45.0,183.43,0.84,Clothing,Changed mind,keep_it
325.8,636.13,4.7,Electronics,Defective,mail_back
51.5,167.64,0.29,Clothing,Size issue,keep_it
326.22,576.8,9.19,Clothing,Other,mail_back
173.71,353.37,5.11,Electronics,Other,drop_off
195.67,350.25,1.75,Home,Other,drop_off
78.94,211.4,4.75,Home,Other,drop_off
177.44,311.09,1.49,Electronics,Other,drop_off
107.81,228.23,8.72,Electronics,Defective,drop_off
86.78,181.46,8.02,Home,Other,drop_off
91.6,191.51,9.46,Home,Defective,drop_off
345.57,499.32,9.02,Clothing,Other,mail_back
495.11,610.17,1.87,Clothing,Defective,mail_back
93.96,149.86,1.2,Home,Other,drop_off
130.8,271.69,4.86,Home,Defective,drop_off
203.15,531.72,9.04,Electronics,Defective,mail_back
132.01,240.39,8.99,Home,Defective,drop_off
149.96,339.0,9.66,Home,Other,drop_off
106.23,300.06,2.29,Electronics,Defective,drop_off
106.27,217.02,9.99,Home,Other,drop_off
80.73,153.91,4.96,Electronics,Defective,drop_off
111.14,174.18,3.73,Home,Other,drop_off
300.46,571.72,9.19,Electronics,Defective,mail_back
484.51,611.91,2.45,Clothing,Defective,mail_back
71.85,160.49,5.05,Electronics,Defective,drop_off
498.63,684.88,5.84,Electronics,Defective,mail_back
91.99,288.61,8.68,Electronics,Other,drop_off
268.18,531.31,7.25,Clothing,Other,mail_back
383.4,594.69,7.95,Electronics,Defective,mail_back
115.1,229.88,8.04,Electronics,Other,drop_off
372.95,575.57,8.29,Electronics,Defective,mail_back
135.59,224.71,1.08,Electronics,Defective,drop_off
127.92,322.96,6.14,Electronics,Defective,drop_off
144.0,324.19,6.25,Electronics,Other,drop_off
82.02,200.7,4.55,Home,Defective,drop_off
195.68,389.4,3.23,Electronics,Other,drop_off
489.99,723.02,3.89,Electronics,Other,mail_back
282.04,602.98,1.46,Clothing,Defective,mail_back
115.95,213.3,5.42,Home,Other,drop_off
110.23,306.47,4.7,Electronics,Defective,drop_off
197.83,284.07,7.13,Home,Defective,drop_off
226.57,529.64,1.58,Clothing,Defective,mail_back
263.29,615.78,1.27,Clothing,Defective,mail_back
98.29,168.35,9.58,Home,Defective,drop_off
115.22,258.25,5.9,Electronics,Other,drop_off
101.04,183.07,4.7,Electronics,Defective,drop_off
117.67,226.31,9.79,Home,Defective,drop_off
272.5,392.91,3.85,Electronics,Other,mail_back
171.1,349.85,8.6,Home,Other,drop_off
293.85,412.12,7.31,Electronics,Defective,mail_back
112.82,266.83,7.9,Home,Defective,drop_off
288.18,522.07,7.54,Clothing,Defective,mail_back
267.55,566.24,6.49,Clothing,Other,mail_back
167.73,302.97,3.47,Home,Other,drop_off
145.31,328.66,6.12,Electronics,Other,drop_off
76.65,161.58,5.43,Electronics,Other,drop_off
135.54,233.96,3.32,Home,Other,drop_off
190.61,370.76,7.37,Home,Other,drop_off
442.39,772.72,2.03,Clothing,Defective,mail_back
373.21,667.13,5.13,Electronics,Defective,mail_back
48.34,106.48,2.23,Clothing,Changed mind,keep_it
87.34,241.09,8.16,Home,Other,drop_off
88.92,270.49,5.75,Home,Other,drop_off
154.44,334.64,8.45,Electronics,Defective,drop_off
16.74,71.67,1.36,Beauty,Size issue,keep_it
120.06,311.5,6.49,Home,Other,drop_off
233.75,554.53,3.48,Electronics,Other,mail_back
199.7,289.23,3.51,Electronics,Defective,drop_off
51.8,174.33,4.2,Clothing,Changed mind,keep_it
219.58,566.13,6.82,Electronics,Defective,mail_back
154.52,351.9,9.21,Electronics,Other,drop_off
31.74,164.38,3.54,Beauty,Changed mind,keep_it
35.61,132.52,4.65,Beauty,Changed mind,keep_it
138.29,198.2,9.75,Home,Defective,drop_off
116.19,268.56,6.96,Electronics,Defective,drop_off
111.04,179.82,6.9,Home,Other,drop_off
183.06,366.69,5.04,Home,Defective,drop_off
50.25,182.37,1.3,Clothing,Changed mind,keep_it
463.14,636.09,5.96,Clothing,Other,mail_back
188.45,361.52,7.84,Electronics,Other,drop_off
331.41,534.13,5.92,Electronics,Other,mail_back
374.73,530.71,2.69,Clothing,Defective,mail_back
45.27,179.3,0.19,Beauty,Changed mind,keep_it
176.53,275.55,4.15,Home,Defective,drop_off
73.46,233.74,6.63,Electronics,Other,drop_off
402.57,564.33,4.17,Electronics,Other,mail_back
157.91,336.7,9.66,Electronics,Other,drop_off
83.73,255.66,6.21,Electronics,Defective,drop_off
410.98,761.32,1.51,Electronics,Other,mail_back
285.84,577.97,3.83,Electronics,Defective,mail_back
44.79,111.44,3.59,Clothing,Changed mind,keep_it
134.27,321.49,2.91,Home,Other,drop_off
350.19,723.72,2.32,Electronics,Defective,mail_back
90.38,242.89,6.34,Home,Other,drop_off
128.24,239.06,9.86,Electronics,Other,drop_off
116.09,250.78,3.27,Home,Other,drop_off
186.46,251.98,6.91,Home,Defective,drop_off
195.88,313.82,9.51,Electronics,Defective,drop_off
94.48,190.04,1.84,Home,Defective,drop_off
124.98,294.32,2.27,Electronics,Other,drop_off
259.15,388.44,2.5,Clothing,Other,mail_back
306.22,602.97,5.84,Electronics,Other,mail_back
388.62,568.45,1.35,Electronics,Defective,mail_back
370.85,720.57,9.92,Electronics,Other,mail_back
402.29,796.27,9.87,Electronics,Other,mail_back
173.81,239.87,8.03,Home,Other,drop_off
151.98,266.5,4.94,Home,Defective,drop_off
480.85,863.08,2.57,Electronics,Other,mail_back
275.85,396.04,3.41,Electronics,Defective,mail_back
416.32,593.46,7.47,Electronics,Defective,mail_back
151.48,223.39,8.41,Electronics,Defective,drop_off
321.56,600.37,1.97,Electronics,Other,mail_back
280.89,626.79,9.99,Clothing,Defective,mail_back
156.17,350.99,9.24,Electronics,Other,drop_off
240.72,633.96,9.68,Clothing,Defective,mail_back
83.02,173.78,8.34,Home,Defective,drop_off
30.53,178.67,3.19,Clothing,Size issue,keep_it
198.2,371.33,3.53,Home,Other,drop_off
17.22,125.3,4.65,Beauty,Size issue,keep_it
333.77,646.34,7.59,Electronics,Defective,mail_back
152.85,213.45,4.25,Home,Defective,drop_off
342.36,687.18,4.89,Electronics,Other,mail_back
185.26,296.9,6.44,Home,Other,drop_off
88.76,152.79,1.15,Electronics,Defective,drop_off
97.5,257.9,3.88,Electronics,Other,drop_off
194.77,372.5,8.77,Home,Defective,drop_off
243.16,345.75,1.18,Clothing,Defective,mail_back
137.34,188.46,4.8,Home,Defective,drop_off
165.19,250.14,8.32,Electronics,Other,drop_off
100.77,244.98,8.47,Electronics,Defective,drop_off
182.71,333.1,5.03,Home,Other,drop_off
151.48,255.3,9.96,Electronics,Other,drop_off
143.56,331.07,8.21,Electronics,Other,drop_off
375.87,623.58,2.73,Electronics,Other,mail_back
188.93,289.24,9.57,Home,Other,drop_off
362.88,501.7,4.38,Clothing,Defective,mail_back
334.06,667.46,2.98,Electronics,Other,mail_back
190.46,347.02,4.77,Electronics,Defective,drop_off
69.07,185.72,1.5,Clothing,Size issue,keep_it
195.56,271.78,6.83,Home,Defective,drop_off
433.05,735.07,6.53,Clothing,Other,mail_back
29.85,104.68,4.94,Clothing,Changed mind,keep_it
405.42,569.04,3.15,Clothing,Defective,mail_back
100.46,153.41,8.91,Electronics,Other,drop_off
114.01,165.07,7.12,Home,Other,drop_off
90.76,259.27,6.55,Home,Defective,drop_off
292.68,503.29,7.93,Electronics,Defective,mail_back
193.13,304.1,7.95,Electronics,Other,drop_off
472.33,598.55,9.43,Clothing,Defective,mail_back
260.27,601.81,8.65,Electronics,Defective,mail_back
214.96,359.93,5.84,Electronics,Defective,mail_back
205.09,593.2,1.4,Electronics,Defective,mail_back
44.01,187.24,3.36,Clothing,Changed mind,keep_it
42.52,138.48,2.54,Beauty,Changed mind,keep_it
350.97,680.51,5.37,Electronics,Defective,mail_back
251.72,613.43,6.52,Electronics,Defective,mail_back
355.51,477.38,6.64,Electronics,Defective,mail_back
445.35,839.03,5.52,Clothing,Other,mail_back
239.74,503.82,5.92,Clothing,Other,mail_back
180.93,359.35,1.89,Electronics,Other,drop_off
183.72,253.05,7.48,Electronics,Other,drop_off
306.82,643.49,3.1,Electronics,Defective,mail_back
162.78,343.83,2.14,Home,Other,drop_off
86.52,200.66,2.45,Electronics,Defective,drop_off
231.74,483.58,8.33,Electronics,Defective,mail_back
193.54,323.89,4.55,Home,Defective,drop_off
131.35,254.89,8.62,Home,Other,drop_off
113.33,237.12,6.15,Home,Other,drop_off
345.94,546.16,1.96,Clothing,Other,mail_back
291.53,442.19,5.15,Electronics,Defective,mail_back
29.39,133.8,2.8,Beauty,Size issue,keep_it
195.52,302.12,3.32,Home,Other,drop_off
168.74,249.64,7.38,Home,Other,drop_off
170.86,271.67,6.07,Electronics,Defective,drop_off
215.68,571.45,2.78,Clothing,Defective,mail_back
163.95,261.83,9.15,Electronics,Other,drop_off
134.09,196.38,2.76,Home,Defective,drop_off
312.88,689.86,5.9,Clothing,Defective,mail_back
397.67,794.41,3.39,Clothing,Other,mail_back
16.82,67.21,5.0,Clothing,Size issue,keep_it
352.92,542.94,2.36,Electronics,Defective,mail_back
168.32,299.27,1.7,Electronics,Other,drop_off
123.36,313.34,6.74,Electronics,Defective,drop_off
117.02,183.28,8.88,Home,Other,drop_off
136.59,259.7,6.63,Home,Defective,drop_off
140.23,197.78,1.57,Electronics,Defective,drop_off
54.6,176.93,0.77,Beauty,Size issue,keep_it
109.15,196.5,4.35,Electronics,Other,drop_off
122.96,320.95,1.5,Electronics,Other,drop_off
47.55,103.0,4.2,Beauty,Changed mind,keep_it
143.01,218.63,2.78,Electronics,Defective,drop_off
97.32,164.77,9.73,Electronics,Other,drop_off
436.41,625.57,2.22,Clothing,Other,mail_back
392.84,727.67,9.44,Electronics,Other,mail_back
101.65,277.98,2.88,Electronics,Other,drop_off
320.76,696.77,6.85,Electronics,Other,mail_back
277.57,478.73,4.62,Clothing,Other,mail_back
86.03,196.18,4.16,Home,Defective,drop_off
246.02,455.99,4.36,Electronics,Defective,mail_back
412.17,569.28,4.3,Clothing,Defective,mail_back
236.41,632.19,8.03,Clothing,Defective,mail_back
188.47,321.59,2.57,Electronics,Other,drop_off
393.26,688.48,8.8,Electronics,Defective,mail_back
228.45,491.69,7.66,Clothing,Defective,mail_back
250.04,589.26,7.48,Clothing,Defective,mail_back
92.62,193.24,1.16,Home,Other,drop_off
150.55,300.07,8.53,Home,Other,drop_off
180.7,254.19,9.77,Home,Other,drop_off
197.58,262.19,3.73,Home,Defective,drop_off
190.69,250.53,5.94,Electronics,Other,drop_off
276.7,486.07,8.59,Clothing,Defective,mail_back
368.8,697.45,7.42,Electronics,Other,mail_back
182.8,297.62,9.7,Electronics,Defective,drop_off
120.63,313.38,3.88,Electronics,Other,drop_off
305.06,430.03,7.52,Clothing,Other,mail_back
332.8,578.38,8.0,Clothing,Other,mail_back
118.9,224.01,5.73,Electronics,Defective,drop_off
138.15,288.76,3.42,Home,Defective,drop_off
417.06,690.22,6.83,Clothing,Other,mail_back
352.85,616.58,4.23,Clothing,Other,mail_back
193.6,304.9,5.2,Home,Defective,drop_off
53.03,156.84,2.59,Beauty,Changed mind,keep_it
250.47,407.45,5.15,Clothing,Other,mail_back
153.88,301.53,8.42,Electronics,Other,drop_off
26.42,174.42,3.02,Clothing,Changed mind,keep_it
41.09,94.85,2.89,Beauty,Changed mind,keep_it
362.17,599.63,9.51,Electronics,Defective,mail_back
37.94,111.97,2.4,Clothing,Changed mind,keep_it
116.38,191.02,5.53,Electronics,Other,drop_off
301.51,682.17,9.21,Electronics,Defective,mail_back
54.48,187.24,4.84,Clothing,Changed mind,keep_it
359.02,467.37,3.22,Electronics,Defective,mail_back
367.18,689.97,3.52,Clothing,Other,mail_back
34.82,159.84,3.5,Beauty,Changed mind,keep_it
134.76,234.19,4.97,Electronics,Defective,drop_off
464.73,625.79,8.86,Electronics,Other,mail_back
298.72,493.1,5.61,Electronics,Other,mail_back
31.13,166.79,2.04,Clothing,Size issue,keep_it
120.12,307.43,7.86,Electronics,Other,drop_off
339.58,457.05,3.36,Clothing,Defective,mail_back
193.18,358.21,3.41,Electronics,Other,drop_off
482.38,846.87,5.64,Clothing,Other,mail_back
141.85,209.06,2.14,Electronics,Other,drop_off
72.73,231.16,1.29,Home,Defective,drop_off
195.95,318.58,1.57,Electronics,Other,drop_off
499.05,728.16,3.88,Clothing,Other,mail_back
150.01,260.86,1.37,Electronics,Defective,drop_off
159.19,351.51,3.41,Electronics,Other,drop_off
42.29,99.34,4.68,Beauty,Size issue,keep_it
447.17,741.42,9.72,Clothing,Defective,mail_back
355.14,490.26,5.75,Electronics,Other,mail_back
132.72,276.11,1.09,Electronics,Other,drop_off
193.57,301.11,4.82,Home,Defective,drop_off
289.68,512.92,2.96,Clothing,Defective,mail_back
118.34,172.21,3.0,Home,Defective,drop_off
80.41,201.58,1.09,Electronics,Defective,drop_off
431.44,805.98,8.69,Clothing,Defective,mail_back
56.97,191.52,4.02,Clothing,Size issue,keep_it
179.89,338.97,9.83,Home,Other,drop_off
97.53,266.41,2.68,Home,Defective,drop_off
207.45,558.02,4.29,Electronics,Defective,mail_back
187.21,376.14,1.08,Home,Defective,drop_off
157.01,340.25,5.14,Home,Other,drop_off
174.65,369.74,3.42,Home,Defective,drop_off
43.55,143.83,0.81,Beauty,Size issue,keep_it
137.84,275.69,1.08,Electronics,Defective,drop_off
309.89,425.77,7.79,Electronics,Other,mail_back
112.06,189.63,6.19,Home,Other,drop_off
160.61,294.63,4.48,Home,Other,drop_off
70.76,132.54,8.93,Home,Other,drop_off
476.01,657.22,4.33,Clothing,Defective,mail_back
482.57,804.44,1.78,Clothing,Other,mail_back
131.19,188.56,2.72,Home,Defective,drop_off
109.22,216.82,8.69,Electronics,Defective,drop_off
85.28,173.07,9.29,Home,Other,drop_off
147.53,252.44,8.26,Home,Other,drop_off
86.78,217.31,9.43,Home,Defective,drop_off
429.23,603.57,1.33,Clothing,Other,mail_back
259.9,471.28,5.52,Electronics,Other,mail_back
122.83,245.59,5.87,Electronics,Other,drop_off
175.02,328.95,6.0,Home,Defective,drop_off
87.99,237.86,5.72,Electronics,Other,drop_off
187.89,326.0,1.77,Electronics,Other,drop_off
438.24,686.62,9.05,Electronics,Defective,mail_back
186.82,371.26,7.17,Electronics,Other,drop_off
61.9,143.96,0.97,Beauty,Changed mind,keep_it
102.65,200.74,2.21,Home,Defective,drop_off
127.44,229.45,7.72,Home,Defective,drop_off
299.6,622.93,2.37,Clothing,Other,mail_back
175.0,261.95,1.57,Home,Defective,drop_off
390.13,566.1,6.0,Clothing,Other,mail_back
269.96,629.28,3.78,Electronics,Defective,mail_back
32.36,117.53,2.76,Beauty,Changed mind,keep_it
265.33,568.45,8.23,Clothing,Other,mail_back
398.56,605.22,8.28,Clothing,Defective,mail_back
166.9,273.75,3.72,Electronics,Other,drop_off
478.98,742.5,6.95,Clothing,Defective,mail_back
23.92,144.81,4.14,Clothing,Size issue,keep_it
81.61,197.28,3.08,Home,Other,drop_off
222.66,570.93,4.85,Electronics,Other,mail_back
30.24,89.21,4.81,Beauty,Size issue,keep_it
99.07,289.09,4.1,Electronics,Defective,drop_off
192.69,243.27,3.14,Electronics,Other,drop_off
84.72,220.25,8.76,Home,Other,drop_off
403.75,525.97,9.94,Electronics,Defective,mail_back
142.52,238.17,1.78,Home,Other,drop_off
178.79,314.64,9.99,Electronics,Defective,drop_off
90.77,165.38,3.57,Home,Other,drop_off
492.53,662.21,8.93,Clothing,Other,mail_back
183.1,328.52,2.48,Electronics,Defective,drop_off
165.78,283.8,9.9,Electronics,Defective,drop_off
132.65,258.12,3.84,Home,Other,drop_off
481.62,823.14,8.66,Clothing,Defective,mail_back
291.05,510.59,3.85,Clothing,Defective,mail_back
195.01,291.94,1.88,Home,Other,drop_off
16.63,88.57,2.38,Clothing,Changed mind,keep_it
421.84,649.74,4.0,Electronics,Other,mail_back
215.62,319.47,8.16,Electronics,Other,mail_back
100.62,290.5,8.74,Home,Other,drop_off
137.64,333.93,9.69,Electronics,Other,drop_off
259.17,423.23,7.08,Electronics,Other,mail_back
226.7,480.16,9.27,Clothing,Defective,mail_back
117.66,260.53,2.43,Electronics,Other,drop_off
250.09,386.43,1.77,Electronics,Other,mail_back
124.12,241.44,6.39,Electronics,Other,drop_off
191.09,377.36,8.03,Home,Other,drop_off
151.63,242.91,9.19,Electronics,Defective,drop_off
64.54,210.32,0.48,Clothing,Changed mind,keep_it
121.07,198.02,6.2,Electronics,Defective,drop_off
80.78,223.78,4.06,Electronics,Defective,drop_off
95.07,173.73,7.92,Electronics,Defective,drop_off
261.77,458.27,5.19,Clothing,Defective,mail_back
262.06,469.53,2.34,Clothing,Defective,mail_back
187.1,376.6,4.45,Electronics,Defective,drop_off
442.01,543.11,3.88,Clothing,Defective,mail_back
95.94,151.61,6.79,Home,Other,drop_off
23.86,154.05,4.27,Beauty,Changed mind,keep_it
197.12,277.21,2.94,Home,Other,drop_off
119.32,305.94,6.54,Home,Other,drop_off
214.54,377.62,6.09,Clothing,Defective,mail_back
34.18,149.1,3.52,Beauty,Changed mind,keep_it
82.16,196.22,2.16,Home,Defective,drop_off
111.24,276.19,5.48,Electronics,Defective,drop_off
460.15,762.05,1.42,Clothing,Defective,mail_back
240.95,409.55,8.94,Clothing,Other,mail_back
342.13,576.16,1.06,Clothing,Other,mail_back
140.3,291.89,7.32,Home,Defective,drop_off
121.96,315.02,6.78,Home,Other,drop_off
179.53,283.86,6.94,Home,Defective,drop_off
148.22,207.32,4.72,Electronics,Other,drop_off
167.33,341.52,7.94,Home,Defective,drop_off
139.76,329.98,8.51,Electronics,Defective,drop_off
125.83,246.43,2.42,Electronics,Defective,drop_off
272.21,444.2,1.75,Clothing,Other,mail_back
156.71,343.45,4.11,Home,Defective,drop_off
21.21,154.33,3.86,Clothing,Changed mind,keep_it
139.36,189.4,3.17,Electronics,Defective,drop_off
174.77,266.72,2.72,Home,Defective,drop_off
272.4,395.97,4.21,Clothing,Defective,mail_back
176.18,370.12,8.13,Electronics,Defective,drop_off
75.21,272.86,4.45,Electronics,Defective,drop_off
285.29,561.02,6.28,Clothing,Defective,mail_back
279.49,514.08,5.84,Clothing,Defective,mail_back
318.44,612.26,2.36,Clothing,Defective,mail_back
164.84,217.89,2.85,Home,Defective,drop_off
358.18,737.14,5.35,Clothing,Other,mail_back
174.35,261.39,9.1,Electronics,Defective,drop_off
356.07,659.2,8.01,Clothing,Defective,mail_back
210.29,459.56,2.39,Electronics,Defective,mail_back
126.22,269.69,1.67,Electronics,Defective,drop_off
144.62,290.23,6.01,Home,Defective,drop_off
169.46,284.38,5.36,Electronics,Defective,drop_off
49.24,161.1,1.62,Clothing,Size issue,keep_it
65.39,184.32,0.72,Beauty,Changed mind,keep_it
178.62,235.17,3.13,Home,Other,drop_off
22.08,167.99,3.11,Beauty,Size issue,keep_it
11.69,86.17,4.42,Clothing,Changed mind,keep_it
475.49,697.9,2.72,Clothing,Defective,mail_back
441.31,561.06,7.23,Clothing,Defective,mail_back
236.74,496.96,8.92,Clothing,Other,mail_back
79.16,170.88,3.92,Home,Other,drop_off
129.91,280.61,2.46,Electronics,Other,drop_off
460.06,747.93,7.02,Electronics,Other,mail_back
239.77,572.17,3.38,Clothing,Defective,mail_back
426.14,591.86,4.99,Electronics,Other,mail_back
231.19,619.9,9.01,Clothing,Defective,mail_back
355.5,594.04,3.83,Electronics,Other,mail_back
323.28,612.05,7.29,Electronics,Other,mail_back
61.58,157.41,1.39,Beauty,Size issue,keep_it
185.29,292.04,7.75,Home,Other,drop_off
198.92,364.48,2.89,Electronics,Defective,drop_off
123.24,290.26,7.94,Electronics,Defective,drop_off
377.77,591.75,5.52,Clothing,Other,mail_back
133.23,258.97,2.59,Home,Defective,drop_off
87.04,251.96,9.39,Electronics,Defective,drop_off
87.62,215.38,2.01,Home,Defective,drop_off
102.86,213.86,4.45,Electronics,Defective,drop_off
92.2,182.28,5.58,Electronics,Defective,drop_off
369.72,684.13,9.44,Electronics,Defective,mail_back
273.41,412.88,3.72,Clothing,Other,mail_back
457.8,590.8,9.53,Clothing,Defective,mail_back
36.54,91.15,2.77,Clothing,Changed mind,keep_it
149.71,330.03,6.96,Home,Other,drop_off
471.67,607.6,5.79,Electronics,Defective,mail_back
50.11,186.39,0.9,Beauty,Changed mind,keep_it
474.3,653.89,9.14,Clothing,Defective,mail_back
76.57,133.15,7.48,Home,Defective,drop_off
94.75,245.25,1.0,Electronics,Defective,drop_off
21.49,110.11,2.48,Clothing,Changed mind,keep_it
195.31,341.55,1.21,Electronics,Other,drop_off
290.44,418.8,7.83,Electronics,Defective,mail_back
76.96,148.04,6.6,Home,Defective,drop_off
140.83,233.36,9.54,Home,Other,drop_off
223.4,355.24,5.44,Clothing,Other,mail_back
247.56,493.8,4.28,Clothing,Defective,mail_back
125.94,217.15,8.99,Electronics,Other,drop_off
449.9,639.17,8.1,Clothing,Defective,mail_back
357.98,548.96,4.26,Clothing,Other,mail_back
211.79,508.26,4.98,Clothing,Defective,mail_back
139.17,261.52,7.33,Electronics,Defective,drop_off
97.89,258.62,2.7,Electronics,Defective,drop_off
182.01,373.34,5.67,Electronics,Defective,drop_off
76.47,166.75,6.89,Home,Defective,drop_off
318.88,627.04,5.4,Electronics,Defective,mail_back
129.14,249.76,7.36,Home,Defective,drop_off
75.49,199.93,5.9,Electronics,Defective,drop_off
495.48,879.21,2.77,Clothing,Defective,mail_back
336.15,598.34,8.65,Electronics,Other,mail_back
134.12,270.99,2.7,Electronics,Defective,drop_off
389.98,519.83,6.44,Electronics,Defective,mail_back
41.64,131.92,2.99,Clothing,Size issue,keep_it
92.72,290.79,6.05,Electronics,Other,drop_off
82.32,278.7,3.58,Electronics,Defective,drop_off
207.41,550.49,5.83,Clothing,Defective,mail_back
19.75,159.25,3.46,Clothing,Size issue,keep_it
51.44,158.68,2.08,Clothing,Size issue,keep_it
157.05,352.65,2.58,Home,Defective,drop_off
128.07,216.19,8.43,Home,Other,drop_off
109.62,186.89,1.77,Electronics,Other,drop_off
159.71,268.27,4.74,Home,Defective,drop_off
83.08,179.53,6.97,Electronics,Defective,drop_off
129.81,208.83,2.89,Electronics,Defective,drop_off
263.21,431.47,3.52,Electronics,Defective,mail_back
222.54,362.8,6.8,Clothing,Other,mail_back
367.23,544.03,6.86,Electronics,Defective,mail_back
126.83,217.01,6.44,Home,Defective,drop_off
382.33,603.74,3.03,Electronics,Other,mail_back
117.75,304.82,4.31,Electronics,Defective,drop_off
178.76,326.38,6.53,Home,Defective,drop_off
211.51,572.75,5.61,Clothing,Defective,mail_back
156.76,208.68,8.84,Home,Defective,drop_off
87.97,203.89,5.47,Electronics,Defective,drop_off
326.27,714.69,6.39,Clothing,Defective,mail_back
121.65,222.18,6.13,Electronics,Other,drop_off
14.35,149.39,1.14,Beauty,Size issue,keep_it
178.28,247.04,2.17,Electronics,Other,drop_off
324.5,522.58,6.46,Electronics,Other,mail_back
498.65,605.42,2.02,Electronics,Other,mail_back
285.57,457.34,8.08,Electronics,Other,mail_back
135.76,269.81,7.56,Electronics,Defective,drop_off
375.61,639.9,6.76,Electronics,Other,mail_back
17.16,89.61,2.55,Beauty,Changed mind,keep_it
436.71,642.0,4.64,Electronics,Defective,mail_back
77.96,216.6,9.9,Electronics,Defective,drop_off
56.77,132.03,4.17,Clothing,Size issue,keep_it
322.68,621.27,5.18,Electronics,Defective,mail_back
94.52,220.71,5.76,Electronics,Other,drop_off
399.14,533.15,7.49,Electronics,Defective,mail_back
475.96,592.51,8.39,Clothing,Other,mail_back
140.5,212.71,7.72,Electronics,Other,drop_off
145.5,302.66,9.25,Electronics,Defective,drop_off
318.3,418.69,2.08,Electronics,Other,mail_back
325.23,644.44,5.7,Electronics,Other,mail_back
179.2,337.94,9.05,Electronics,Defective,drop_off
262.82,366.36,9.98,Electronics,Defective,mail_back
253.0,527.07,9.14,Clothing,Defective,mail_back
256.37,543.81,4.03,Electronics,Other,mail_back
93.25,278.54,4.57,Home,Other,drop_off
111.67,273.33,9.74,Home,Defective,drop_off
369.76,516.93,7.22,Electronics,Other,mail_back
466.91,699.04,9.11,Electronics,Defective,mail_back
148.42,247.26,9.85,Electronics,Defective,drop_off
29.6,141.93,0.38,Beauty,Changed mind,keep_it
113.25,228.99,3.36,Home,Other,drop_off
354.37,514.42,3.88,Clothing,Other,mail_back
18.85,76.17,4.08,Clothing,Size issue,keep_it
414.9,715.71,5.29,Electronics,Other,mail_back
47.29,175.08,2.55,Clothing,Changed mind,keep_it
153.56,307.48,8.84,Home,Defective,drop_off
368.41,733.26,5.75,Clothing,Other,mail_back
167.41,362.11,1.66,Home,Other,drop_off
358.96,643.43,5.34,Electronics,Other,mail_back
424.17,617.68,3.76,Electronics,Defective,mail_back
62.87,138.53,3.01,Clothing,Size issue,keep_it
324.33,631.19,4.1,Clothing,Defective,mail_back
425.24,718.65,4.2,Clothing,Defective,mail_back
43.25,169.45,2.73,Clothing,Size issue,keep_it
32.01,105.71,2.29,Beauty,Size issue,keep_it
266.98,643.67,4.83,Electronics,Defective,mail_back
191.01,241.81,7.73,Home,Other,drop_off
82.5,196.18,9.4,Home,Other,drop_off
88.35,138.46,8.29,Electronics,Defective,drop_off
474.38,636.98,6.99,Clothing,Other,mail_back
249.18,569.97,3.71,Clothing,Other,mail_back
92.27,253.51,3.72,Home,Other,drop_off
159.46,228.68,4.83,Home,Other,drop_off
278.61,643.13,9.03,Clothing,Other,mail_back
226.32,443.78,7.42,Electronics,Defective,mail_back
284.76,498.17,1.93,Electronics,Defective,mail_back
162.14,249.48,3.92,Electronics,Defective,drop_off
30.46,160.79,4.5,Clothing,Changed mind,keep_it
74.01,255.89,1.12,Electronics,Defective,drop_off
114.45,303.08,1.22,Home,Defective,drop_off
98.51,212.84,6.87,Electronics,Defective,drop_off
66.21,132.66,1.24,Beauty,Size issue,keep_it
17.38,166.02,1.64,Beauty,Size issue,keep_it
163.53,341.72,3.31,Home,Other,drop_off
77.35,142.86,4.88,Electronics,Defective,drop_off
102.95,294.03,9.15,Home,Defective,drop_off
119.55,231.33,7.55,Home,Defective,drop_off
483.23,684.01,6.05,Electronics,Other,mail_back
123.75,204.68,8.89,Home,Defective,drop_off
148.74,302.52,4.45,Electronics,Defective,drop_off
127.14,187.22,5.18,Home,Defective,drop_off
449.65,697.85,2.07,Clothing,Defective,mail_back
160.74,329.28,3.66,Home,Defective,drop_off
123.37,208.07,2.23,Home,Defective,drop_off
21.89,72.81,3.17,Beauty,Changed mind,keep_it
258.12,461.86,4.22,Electronics,Other,mail_back
209.6,591.65,9.03,Clothing,Defective,mail_back
154.99,263.05,6.83,Electronics,Other,drop_off
37.43,142.4,4.45,Clothing,Size issue,keep_it
263.01,481.24,3.85,Clothing,Other,mail_back
135.46,305.71,4.97,Electronics,Defective,drop_off
411.82,658.95,3.32,Clothing,Defective,mail_back
98.75,189.12,8.23,Electronics,Defective,drop_off
239.11,577.93,4.55,Electronics,Other,mail_back
323.87,585.12,1.44,Electronics,Defective,mail_back
158.48,226.67,2.02,Electronics,Other,drop_off
413.62,567.16,1.72,Electronics,Defective,mail_back
180.94,360.46,7.95,Home,Other,drop_off
430.78,709.79,4.03,Clothing,Defective,mail_back
136.27,274.06,4.23,Electronics,Other,drop_off
153.33,338.52,2.48,Home,Other,drop_off
151.24,310.57,9.39,Home,Other,drop_off
218.98,499.88,1.51,Electronics,Other,mail_back
157.02,331.75,2.35,Electronics,Other,drop_off
294.48,433.17,5.22,Electronics,Other,mail_back
26.49,79.77,2.16,Beauty,Size issue,keep_it
391.11,539.61,9.15,Electronics,Defective,mail_back
189.82,353.44,7.59,Home,Other,drop_off
97.43,250.67,2.98,Electronics,Other,drop_off
435.19,671.16,8.13,Electronics,Defective,mail_back
268.53,450.73,3.83,Electronics,Other,mail_back
97.24,215.54,9.18,Electronics,Defective,drop_off
406.18,534.91,9.3,Electronics,Defective,mail_back
168.35,256.95,7.24,Home,Other,drop_off
334.45,625.46,2.99,Clothing,Other,mail_back
341.96,627.28,5.11,Electronics,Other,mail_back
179.44,349.64,4.69,Electronics,Defective,drop_off
177.41,261.55,5.72,Electronics,Defective,drop_off
153.49,240.33,1.98,Home,Defective,drop_off
26.28,161.79,1.8,Beauty,Size issue,keep_it
280.48,392.78,7.35,Clothing,Defective,mail_back
161.98,216.65,8.83,Home,Other,drop_off
92.84,286.88,7.24,Home,Other,drop_off
113.72,198.89,5.33,Electronics,Defective,drop_off
277.14,661.73,2.53,Electronics,Other,mail_back
38.87,122.2,2.3,Beauty,Size issue,keep_it
123.93,283.84,7.17,Home,Defective,drop_off
149.24,287.02,4.33,Home,Defective,drop_off
88.44,170.51,1.95,Electronics,Other,drop_off
485.18,804.09,1.47,Clothing,Other,mail_back
333.0,608.76,9.78,Electronics,Other,mail_back
224.91,382.23,4.97,Electronics,Other,mail_back
496.48,713.13,1.43,Clothing,Other,mail_back
259.56,508.01,7.68,Electronics,Other,mail_back
109.68,305.74,6.97,Electronics,Other,drop_off
165.04,251.37,2.55,Home,Other,drop_off
151.76,219.45,6.89,Home,Defective,drop_off
17.62,160.98,4.35,Clothing,Changed mind,keep_it
382.57,773.84,4.36,Clothing,Other,mail_back
33.77,180.16,2.74,Beauty,Changed mind,keep_it
161.46,308.19,4.37,Home,Defective,drop_off
28.22,170.33,1.67,Clothing,Size issue,keep_it
177.09,242.57,9.49,Electronics,Defective,drop_off
162.56,270.3,4.62,Electronics,Defective,drop_off
238.0,464.19,5.33,Electronics,Other,mail_back
76.79,229.63,4.93,Home,Defective,drop_off
440.77,686.69,3.69,Clothing,Defective,mail_back
100.68,260.26,1.36,Home,Defective,drop_off
19.18,76.08,4.98,Beauty,Changed mind,keep_it
101.33,291.75,5.68,Electronics,Defective,drop_off
318.5,519.0,2.87,Electronics,Other,mail_back
158.05,251.49,6.19,Home,Other,drop_off
122.96,313.51,4.4,Home,Other,drop_off
86.51,145.29,3.75,Electronics,Other,drop_off
168.9,221.27,6.02,Home,Other,drop_off
143.17,240.17,3.66,Electronics,Defective,drop_off
257.77,387.06,9.08,Electronics,Other,mail_back
116.74,185.61,6.3,Electronics,Other,drop_off
128.74,298.29,6.31,Electronics,Other,drop_off
161.36,330.26,6.66,Electronics,Defective,drop_off
403.2,510.53,4.71,Clothing,Defective,mail_back
264.84,542.1,9.22,Clothing,Defective,mail_back
493.55,596.75,6.6,Electronics,Other,mail_back
275.54,669.85,6.52,Clothing,Defective,mail_back
21.01,146.85,0.21,Beauty,Size issue,keep_it
49.43,135.94,3.1,Clothing,Changed mind,keep_it
84.04,144.48,6.3,Home,Other,drop_off
352.92,579.65,4.58,Electronics,Other,mail_back
196.88,377.92,3.96,Electronics,Defective,drop_off
332.38,437.77,1.67,Electronics,Defective,mail_back
407.96,529.24,2.7,Electronics,Other,mail_back
385.31,678.64,1.26,Electronics,Defective,mail_back
277.71,590.31,2.93,Clothing,Defective,mail_back
93.22,193.88,4.77,Home,Defective,drop_off
105.19,159.56,6.45,Electronics,Other,drop_off
182.7,344.71,8.72,Home,Other,drop_off
160.51,241.42,4.97,Electronics,Defective,drop_off
237.78,608.71,8.78,Electronics,Defective,mail_back
385.83,726.76,4.89,Clothing,Defective,mail_back
192.33,315.28,5.16,Home,Other,drop_off
366.35,520.29,5.21,Electronics,Defective,mail_back
443.35,553.2,5.21,Clothing,Defective,mail_back
214.78,570.51,5.94,Clothing,Other,mail_back
106.65,236.28,1.47,Home,Defective,drop_off
239.78,409.8,5.08,Electronics,Other,mail_back
334.2,671.16,6.57,Clothing,Defective,mail_back
126.81,236.35,7.69,Home,Other,drop_off
92.2,176.22,6.18,Electronics,Defective,drop_off
92.19,241.62,8.67,Electronics,Defective,drop_off
196.82,296.8,6.36,Home,Other,drop_off
226.89,614.66,7.44,Electronics,Other,mail_back
376.92,611.89,8.73,Electronics,Defective,mail_back
191.1,328.6,5.85,Home,Defective,drop_off
70.48,156.71,5.59,Electronics,Defective,drop_off
197.48,300.03,5.07,Electronics,Other,drop_off
56.52,163.59,3.83,Clothing,Changed mind,keep_it
102.97,187.18,1.1,Home,Other,drop_off
85.19,283.07,3.78,Home,Defective,drop_off
146.4,206.01,8.76,Electronics,Other,drop_off
128.51,181.83,6.77,Home,Defective,drop_off
96.89,244.99,4.75,Home,Other,drop_off
369.52,727.12,2.06,Clothing,Other,mail_back
234.5,542.95,4.97,Electronics,Other,mail_back
153.57,260.87,9.61,Electronics,Defective,drop_off
470.45,651.56,8.23,Electronics,Defective,mail_back
126.78,254.81,3.65,Electronics,Defective,drop_off
106.65,223.19,2.54,Electronics,Defective,drop_off
225.56,520.59,6.88,Electronics,Defective,mail_back
24.88,167.66,4.67,Clothing,Size issue,keep_it
227.44,481.61,3.08,Clothing,Other,mail_back
240.51,481.11,9.45,Electronics,Defective,mail_back
498.29,764.97,2.53,Electronics,Defective,mail_back
110.21,202.31,9.75,Home,Defective,drop_off
200.12,478.98,9.24,Electronics,Defective,mail_back
154.72,311.61,7.19,Home,Other,drop_off
194.27,382.76,5.12,Home,Defective,drop_off
125.17,198.69,4.84,Electronics,Other,drop_off
36.65,164.78,3.43,Beauty,Size issue,keep_it
205.41,472.52,8.09,Electronics,Other,mail_back
87.71,270.85,5.24,Electronics,Defective,drop_off
157.64,328.28,6.93,Home,Other,drop_off
174.4,280.44,4.49,Electronics,Other,drop_off
227.31,521.77,4.72,Clothing,Other,mail_back
220.13,498.24,7.95,Electronics,Defective,mail_back
186.66,335.09,8.94,Home,Defective,drop_off
189.47,374.46,5.03,Home,Other,drop_off
120.41,213.44,3.42,Home,Other,drop_off
50.66,117.94,1.79,Beauty,Changed mind,keep_it
169.89,352.65,2.99,Home,Defective,drop_off
183.56,347.98,5.62,Home,Defective,drop_off
202.86,423.73,9.17,Electronics,Defective,mail_back
138.85,241.02,5.68,Home,Defective,drop_off
162.84,342.02,2.39,Electronics,Defective,drop_off
159.37,246.85,6.76,Electronics,Defective,drop_off
188.43,387.41,1.95,Electronics,Other,drop_off
487.5,616.81,1.13,Electronics,Defective,mail_back
254.0,504.76,8.64,Clothing,Other,mail_back
283.11,641.81,3.55,Electronics,Other,mail_back
266.45,376.89,4.68,Clothing,Defective,mail_back
440.11,677.22,6.46,Electronics,Other,mail_back
327.5,510.13,3.39,Electronics,Defective,mail_back
127.22,190.89,7.47,Electronics,Defective,drop_off
123.66,207.83,6.25,Electronics,Defective,drop_off
139.83,220.36,2.4,Home,Other,drop_off
123.57,178.91,5.48,Electronics,Other,drop_off
161.91,238.54,3.27,Electronics,Defective,drop_off
240.78,490.07,2.93,Electronics,Defective,mail_back
88.68,245.17,5.8,Home,Defective,drop_off
58.49,126.11,3.07,Beauty,Changed mind,keep_it
111.03,174.08,3.01,Electronics,Defective,drop_off
155.58,245.15,1.11,Electronics,Other,drop_off
488.86,765.7,5.24,Electronics,Defective,mail_back
448.51,645.41,3.14,Clothing,Other,mail_back
166.73,292.21,1.61,Electronics,Defective,drop_off
286.85,586.09,4.84,Clothing,Defective,mail_back
357.63,665.08,8.95,Electronics,Other,mail_back
167.98,250.99,4.5,Electronics,Other,drop_off
321.14,485.57,4.2,Clothing,Defective,mail_back
166.63,254.44,5.09,Electronics,Defective,drop_off
317.33,441.32,1.81,Electronics,Defective,mail_back
124.44,239.22,1.49,Home,Other,drop_off
89.44,155.02,2.11,Home,Defective,drop_off
258.94,434.37,2.56,Electronics,Other,mail_back
269.15,467.42,2.89,Clothing,Defective,mail_back
50.28,152.6,4.5,Beauty,Size issue,keep_it
437.59,575.74,4.59,Electronics,Defective,mail_back
104.22,237.66,4.7,Home,Other,drop_off
196.58,281.18,7.96,Electronics,Defective,drop_off
181.53,277.85,6.93,Home,Defective,drop_off
134.46,294.29,1.79,Electronics,Other,drop_off
217.34,359.53,7.45,Clothing,Other,mail_back
87.81,213.82,2.14,Home,Defective,drop_off
277.48,521.72,9.93,Clothing,Other,mail_back
324.45,654.81,1.36,Clothing,Other,mail_back
122.25,299.12,4.12,Home,Defective,drop_off
375.85,583.03,6.19,Electronics,Defective,mail_back
69.57,132.29,0.45,Beauty,Changed mind,keep_it
154.54,253.89,4.52,Home,Defective,drop_off
123.39,281.45,5.6,Home,Defective,drop_off
40.18,148.61,4.61,Clothing,Size issue,keep_it
180.97,267.26,8.89,Electronics,Other,drop_off
479.93,777.09,4.95,Electronics,Other,mail_back
341.09,449.79,7.21,Clothing,Other,mail_back
97.86,157.53,6.17,Home,Other,drop_off
176.22,355.37,6.54,Electronics,Defective,drop_off
325.4,595.07,6.84,Electronics,Other,mail_back
240.19,541.65,1.04,Electronics,Other,mail_back
82.33,182.29,4.36,Home,Other,drop_off
127.58,182.71,3.88,Electronics,Other,drop_off
417.46,726.9,3.8,Clothing,Other,mail_back
178.13,375.2,5.44,Home,Other,drop_off
111.87,248.66,1.68,Home,Other,drop_off
188.64,355.71,7.8,Home,Other,drop_off
391.4,680.02,5.98,Clothing,Other,mail_back
433.08,794.82,2.94,Clothing,Other,mail_back
136.83,311.21,4.99,Home,Other,drop_off
74.97,217.25,8.45,Electronics,Defective,drop_off
147.17,221.8,2.11,Electronics,Defective,drop_off
99.56,175.26,7.01,Electronics,Other,drop_off
226.4,594.46,4.5,Clothing,Other,mail_back
120.71,300.25,9.36,Electronics,Defective,drop_off
434.46,813.7,3.21,Clothing,Defective,mail_back
177.13,227.93,6.08,Home,Defective,drop_off
153.84,331.56,6.48,Home,Other,drop_off
137.54,255.12,1.1,Home,Defective,drop_off
377.57,698.46,6.14,Electronics,Defective,mail_back
147.54,238.79,1.72,Electronics,Defective,drop_off
112.74,270.8,6.79,Electronics,Defective,drop_off
394.61,685.84,5.98,Clothing,Other,mail_back
312.81,695.6,8.36,Electronics,Defective,mail_back
96.48,197.54,5.29,Electronics,Defective,drop_off
91.5,288.16,1.97,Electronics,Other,drop_off
357.61,675.08,4.92,Clothing,Other,mail_back
109.15,245.89,5.48,Home,Defective,drop_off
117.7,180.29,1.47,Home,Other,drop_off
16.23,147.52,0.29,Clothing,Changed mind,keep_it
183.3,306.05,3.75,Electronics,Defective,drop_off
143.36,210.54,9.97,Home,Defective,drop_off
162.33,266.91,8.5,Electronics,Other,drop_off
232.24,586.07,7.62,Clothing,Defective,mail_back
111.12,307.53,3.31,Electronics,Defective,drop_off
33.83,140.97,4.77,Beauty,Changed mind,keep_it
364.14,476.37,3.84,Electronics,Defective,mail_back
457.74,626.25,2.98,Electronics,Defective,mail_back
455.8,788.26,4.53,Clothing,Other,mail_back
102.94,228.7,1.27,Home,Defective,drop_off
425.5,652.36,5.65,Clothing,Other,mail_back
435.26,764.24,7.5,Electronics,Defective,mail_back
131.08,230.7,7.79,Electronics,Defective,drop_off
121.88,318.86,3.03,Home,Other,drop_off
79.23,202.41,7.32,Home,Defective,drop_off
286.68,412.56,9.43,Clothing,Other,mail_back
172.96,271.61,7.45,Electronics,Other,drop_off
88.81,260.5,3.0,Home,Other,drop_off
358.33,620.34,5.15,Electronics,Defective,mail_back
148.36,346.26,9.44,Electronics,Defective,drop_off
340.35,637.59,9.06,Electronics,Other,mail_back
324.74,605.06,7.39,Clothing,Defective,mail_back
167.0,295.12,3.42,Electronics,Other,drop_off
155.93,254.36,5.33,Electronics,Other,drop_off
95.79,290.03,5.6,Electronics,Other,drop_off
116.17,227.24,4.68,Electronics,Defective,drop_off
134.63,204.85,5.46,Home,Other,drop_off
191.24,331.99,6.94,Home,Other,drop_off
391.38,722.13,4.32,Clothing,Defective,mail_back
456.18,607.84,3.44,Electronics,Other,mail_back
181.2,235.99,1.68,Home,Other,drop_off
100.14,269.83,6.07,Electronics,Defective,drop_off
123.03,190.12,7.09,Electronics,Defective,drop_off
418.54,518.56,9.59,Electronics,Other,mail_back
204.69,584.85,8.29,Clothing,Other,mail_back
54.33,200.32,3.42,Clothing,Changed mind,keep_it
332.88,612.67,5.29,Electronics,Defective,mail_back
40.07,158.76,3.98,Beauty,Changed mind,keep_it
482.6,601.89,4.62,Clothing,Defective,mail_back
139.79,326.41,8.62,Home,Other,drop_off
45.36,148.57,1.41,Beauty,Size issue,keep_it
320.78,687.87,4.46,Electronics,Defective,mail_back
85.94,275.13,5.09,Electronics,Other,drop_off
72.45,137.53,5.47,Home,Other,drop_off
160.41,315.21,7.34,Home,Other,drop_off
346.76,581.84,2.79,Electronics,Defective,mail_back
48.01,122.87,1.59,Clothing,Changed mind,keep_it
101.49,176.84,7.97,Electronics,Other,drop_off
135.9,289.01,6.7,Electronics,Defective,drop_off
27.79,105.8,0.82,Beauty,Changed mind,keep_it
137.84,287.4,4.43,Home,Other,drop_off
107.74,238.92,1.21,Electronics,Other,drop_off
192.58,350.81,1.79,Electronics,Defective,drop_off
383.28,729.37,4.64,Clothing,Other,mail_back
141.35,272.1,6.09,Home,Other,drop_off
462.72,803.14,9.49,Clothing,Defective,mail_back
134.36,311.34,5.55,Home,Other,drop_off
102.81,262.58,2.48,Home,Other,drop_off
115.48,271.73,4.31,Electronics,Other,drop_off
58.3,145.29,3.28,Clothing,Changed mind,keep_it
185.01,327.44,4.86,Home,Other,drop_off
426.52,588.93,4.04,Clothing,Defective,mail_back
429.74,662.1,7.45,Electronics,Defective,mail_back
152.25,348.65,3.8,Electronics,Defective,drop_off
362.45,715.48,7.86,Clothing,Other,mail_back
425.72,784.89,6.86,Clothing,Defective,mail_back
115.21,296.67,2.81,Electronics,Defective,drop_off
450.65,599.44,8.69,Electronics,Other,mail_back
177.93,290.82,2.75,Electronics,Other,drop_off
139.07,309.91,8.12,Electronics,Other,drop_off
257.53,372.55,8.86,Clothing,Defective,mail_back
160.39,271.81,8.89,Electronics,Defective,drop_off
28.04,135.85,1.94,Beauty,Size issue,keep_it
473.75,653.54,5.16,Electronics,Defective,mail_back
499.59,670.21,7.54,Clothing,Defective,mail_back
10.56,106.61,2.49,Beauty,Size issue,keep_it
288.2,556.17,3.71,Clothing,Defective,mail_back
100.2,230.42,2.79,Electronics,Other,drop_off
157.23,320.32,1.99,Home,Other,drop_off
45.89,122.33,2.69,Clothing,Size issue,keep_it
364.72,639.62,4.61,Clothing,Defective,mail_back
285.62,638.88,4.89,Clothing,Defective,mail_back
256.66,567.0,3.62,Electronics,Other,mail_back
164.32,248.8,1.01,Electronics,Other,drop_off
83.58,169.21,4.42,Electronics,Defective,drop_off
68.23,189.84,1.68,Beauty,Size issue,keep_it
151.41,223.37,2.7,Electronics,Defective,drop_off
119.43,300.12,6.97,Home,Other,drop_off
205.9,526.6,5.38,Clothing,Defective,mail_back
477.74,850.52,5.61,Electronics,Other,mail_back
159.69,342.29,2.86,Electronics,Defective,drop_off
493.66,857.73,3.52,Electronics,Other,mail_back
107.86,249.99,8.24,Home,Other,drop_off
201.69,357.58,1.9,Clothing,Other,mail_back
75.64,177.91,2.61,Home,Other,drop_off
134.39,248.55,9.6,Home,Other,drop_off
165.68,299.21,9.36,Home,Other,drop_off
81.51,222.86,3.59,Home,Other,drop_off
139.2,200.58,7.28,Home,Defective,drop_off
131.03,289.07,5.76,Electronics,Other,drop_off
149.35,340.22,7.05,Home,Other,drop_off
185.81,249.98,9.9,Home,Other,drop_off
66.0,152.32,4.24,Beauty,Size issue,keep_it
152.45,318.62,1.3,Home,Defective,drop_off
114.97,217.17,5.22,Electronics,Other,drop_off
88.93,143.95,5.23,Electronics,Defective,drop_off
193.01,353.02,6.74,Electronics,Defective,drop_off
232.08,483.5,7.27,Electronics,Other,mail_back
221.68,528.89,5.81,Clothing,Defective,mail_back
150.71,334.36,5.47,Home,Defective,drop_off
83.31,142.54,1.46,Electronics,Other,drop_off
163.33,324.76,1.46,Electronics,Other,drop_off
141.19,212.87,2.21,Electronics,Other,drop_off
254.2,476.17,4.2,Clothing,Defective,mail_back
86.62,247.47,4.57,Home,Defective,drop_off
134.71,236.18,3.18,Home,Other,drop_off
56.35,123.44,0.32,Clothing,Size issue,keep_it
444.15,692.2,2.85,Clothing,Other,mail_back
273.88,644.9,1.94,Electronics,Other,mail_back
406.37,787.99,7.5,Electronics,Other,mail_back
79.3,187.74,7.67,Home,Other,drop_off
147.4,328.23,1.43,Home,Other,drop_off
160.4,226.25,6.98,Home,Other,drop_off
191.73,244.5,4.94,Electronics,Defective,drop_off
135.14,233.39,2.19,Electronics,Other,drop_off
434.72,693.94,6.31,Electronics,Defective,mail_back
91.05,178.44,3.02,Home,Other,drop_off
192.84,272.18,6.78,Electronics,Other,drop_off
103.15,192.53,1.35,Electronics,Defective,drop_off
214.26,380.04,7.36,Electronics,Defective,mail_back
160.75,268.94,2.44,Home,Other,drop_off
193.25,253.56,5.57,Electronics,Defective,drop_off
73.12,170.07,8.38,Home,Defective,drop_off
107.12,201.82,4.45,Electronics,Other,drop_off
331.6,549.6,8.62,Electronics,Other,mail_back
100.02,261.55,5.79,Electronics,Defective,drop_off
264.5,579.19,8.2,Electronics,Other,mail_back
70.34,187.98,4.17,Home,Other,drop_off
181.76,270.42,3.04,Home,Other,drop_off
97.96,188.74,2.53,Home,Other,drop_off
338.7,652.92,7.62,Clothing,Defective,mail_back
446.31,607.65,2.68,Clothing,Other,mail_back
167.26,287.71,8.05,Electronics,Defective,drop_off
405.91,511.42,3.81,Clothing,Defective,mail_back
11.98,147.17,3.45,Beauty,Size issue,keep_it
437.74,629.78,1.32,Electronics,Other,mail_back
83.84,207.62,7.92,Electronics,Other,drop_off
101.55,300.3,2.78,Home,Defective,drop_off
244.07,635.33,9.53,Clothing,Defective,mail_back
152.43,316.56,9.87,Home,Other,drop_off
301.64,454.33,4.79,Electronics,Defective,mail_back
139.88,339.15,4.59,Home,Other,drop_off
121.06,275.41,9.44,Electronics,Other,drop_off
226.76,390.11,5.52,Electronics,Defective,mail_back
137.26,189.51,3.38,Electronics,Other,drop_off
190.35,337.15,4.73,Electronics,Defective,drop_off
260.0,399.26,7.08,Clothing,Defective,mail_back
421.64,709.2,9.88,Electronics,Defective,mail_back
177.68,265.45,8.0,Electronics,Defective,drop_off
378.81,616.92,4.28,Clothing,Defective,mail_back
425.38,728.94,2.79,Electronics,Defective,mail_back
342.71,603.7,7.94,Clothing,Other,mail_back
186.4,260.79,9.96,Home,Other,drop_off
63.4,137.9,3.68,Beauty,Changed mind,keep_it
497.48,685.69,7.39,Clothing,Other,mail_back
180.24,285.39,6.32,Electronics,Other,drop_off
491.87,608.59,6.17,Electronics,Defective,mail_back
80.21,214.29,3.99,Electronics,Defective,drop_off
356.48,736.46,8.25,Clothing,Defective,mail_back
35.67,105.42,4.56,Beauty,Size issue,keep_it
137.19,226.69,2.89,Electronics,Other,drop_off
13.49,100.71,3.63,Beauty,Changed mind,keep_it
143.55,248.37,9.43,Electronics,Defective,drop_off
467.38,808.55,2.66,Electronics,Other,mail_back
225.28,568.84,7.47,Clothing,Other,mail_back
163.31,315.28,8.48,Home,Defective,drop_off
32.38,97.26,2.84,Clothing,Changed mind,keep_it
179.84,229.88,2.52,Electronics,Other,drop_off
188.06,252.61,6.46,Home,Other,drop_off
236.76,400.36,1.27,Clothing,Other,mail_back
183.09,323.83,6.53,Electronics,Defective,drop_off
36.7,186.65,4.19,Clothing,Changed mind,keep_it
230.91,399.15,1.03,Electronics,Defective,mail_back
131.46,283.03,8.87,Home,Other,drop_off
216.17,319.82,6.95,Clothing,Other,mail_back
113.02,203.48,5.6,Electronics,Defective,drop_off
157.45,265.52,3.26,Electronics,Other,drop_off
166.43,329.94,7.0,Electronics,Defective,drop_off
144.19,266.83,5.95,Electronics,Other,drop_off
163.02,229.46,7.75,Home,Other,drop_off
68.56,214.26,0.4,Clothing,Size issue,keep_it
133.09,307.62,9.56,Home,Defective,drop_off
148.43,245.23,9.19,Home,Other,drop_off
112.22,206.23,1.3,Electronics,Defective,drop_off
112.27,232.93,8.37,Electronics,Defective,drop_off
469.25,853.27,4.58,Clothing,Defective,mail_back
